CHEMBL_ID,name,CANONICAL_SMILES,MW,logP,has_acid
CHEMBL1201064,Fluorometholone Acetate,C[C@H]1C[C@H]2[C@@H]3CC[C@](OC(=O)C)(C(=O)C)[C@@]3(C)C[C@H](O)[C@]2(F)[C@@]4(C)C=CC(=O)C=C14,418.5050000000001,3.494100000000002,False
CHEMBL1009,Levodopa,N[C@@H](Cc1ccc(O)c(O)c1)C(=O)O,197.18999999999997,0.052200000000000135,True
CHEMBL270190,Alvimopan,C[C@H]1CN(C[C@H](Cc2ccccc2)C(=O)NCC(=O)O)CC[C@@]1(C)c3cccc(O)c3,424.5410000000002,3.051400000000001,True
CHEMBL9,Norfloxacin,CCN1C=C(C(=O)O)C(=O)c2cc(F)c(cc12)N3CCNCC3,319.3360000000001,1.2683000000000002,True
CHEMBL1068,Oxcarbazepine,NC(=O)N1c2ccccc2CC(=O)c3ccccc13,252.27299999999997,2.6422000000000008,False
CHEMBL61006,Phenylpropanolamine,CC(N)C(O)c1ccccc1,151.20899999999997,1.0672000000000001,False
CHEMBL1229517,Vemurafenib,CCCS(=O)(=O)Nc1ccc(F)c(C(=O)c2c[nH]c3ncc(cc23)c4ccc(Cl)cc4)c1F,489.93100000000015,5.544200000000004,False
CHEMBL314854,Fingolimod,CCCCCCCCc1ccc(CCC(N)(CO)CO)cc1,307.478,3.204300000000001,False
CHEMBL553,Erlotinib,COCCOc1cc2ncnc(Nc3cccc(c3)C#C)c2cc1OCCOC,393.44300000000027,3.405100000000002,False
CHEMBL469,Ketorolac,OC(=O)C1CCn2c1ccc2C(=O)c3ccccc3,255.27300000000002,2.2910000000000004,True
CHEMBL566534,Artemether,CO[C@H]1O[C@@H]2O[C@@]3(C)CC[C@H]4[C@H](C)CC[C@@H]([C@H]1C)[C@@]24OO3,298.379,2.8408000000000015,False
CHEMBL1201236,Carbidopa,C[C@@](Cc1ccc(O)c(O)c1)(NN)C(=O)O,226.232,-0.05310000000000015,True
CHEMBL434,Isoprenaline,CC(C)NCC(O)c1ccc(O)c(O)c1,211.261,1.1291999999999998,False
CHEMBL808,Econazole,Clc1ccc(COC(Cn2ccnc2)c3ccc(Cl)cc3Cl)cc1,381.69000000000005,5.801400000000003,False
CHEMBL1086,Cinchocaine,CCCCOc1cc(C(=O)NCCN(CC)CC)c2ccccc2n1,343.471,3.4853000000000023,False
CHEMBL1648,Isradipine,COC(=O)C1=C(C)NC(=C(C1c2cccc3nonc23)C(=O)OC(C)C)C,371.3930000000002,2.5822000000000003,False
CHEMBL1651,Dexamethasone acetate,C[C@@H]1C[C@H]2[C@@H]3CCC4=CC(=O)C=C[C@]4(C)[C@@]3(F)[C@@H](O)C[C@]2(C)[C@@]1(OC(=O)C)C(=O)CO,434.5040000000003,2.4665000000000012,False
CHEMBL606,Misoprostol,CCCCC(C)(O)C\C=C\[C@H]1[C@H](O)CC(=O)[C@@H]1CCCCCCC(=O)OC,382.5410000000003,3.9536000000000033,False
CHEMBL32800,Fenoterol,CC(Cc1ccc(O)cc1)NCC(O)c2cc(O)cc(O)c2,303.358,2.0576,False
CHEMBL53418,Danthron,Oc1cccc2C(=O)c3cccc(O)c3C(=O)c12,240.214,1.8732000000000002,False
CHEMBL62193,Sulfadimethoxine,COc1cc(NS(=O)(=O)c2ccc(N)cc2)nc(OC)n1,310.3350000000001,0.8768,False
CHEMBL1684,Bendrofluazide,NS(=O)(=O)c1cc2c(NC(Cc3ccccc3)NS2(=O)=O)cc1C(F)(F)F,421.4220000000001,1.6254,False
CHEMBL1091,Hydrocortisone acetate,CC(=O)OCC(=O)[C@@]1(O)CC[C@H]2[C@@H]3CCC4=CC(=O)CC[C@]4(C)[C@H]3[C@@H](O)C[C@]12C,404.5030000000002,2.3524000000000003,False
CHEMBL880,Famciclovir,CC(=O)OCC(CCn1cnc2cnc(N)nc12)COC(=O)C,321.33700000000016,0.5409999999999998,False
CHEMBL435,Hydrochlorothiazide,NS(=O)(=O)c1cc2c(NCNS2(=O)=O)cc1Cl,297.745,-0.35129999999999945,False
CHEMBL1434,Minocycline,CN(C)[C@H]1[C@@H]2C[C@@H]3Cc4c(ccc(O)c4C(=O)C3=C(O)[C@]2(O)C(=O)C(=C1O)C(=O)N)N(C)C,457.48300000000023,0.18660000000000165,False
CHEMBL1095097,Eplerenone,COC(=O)[C@@H]1CC2=CC(=O)CC[C@]2(C)[C@@]34O[C@@H]3C[C@@]5(C)[C@@H](CC[C@@]56CCC(=O)O6)[C@H]14,414.4980000000003,3.124500000000002,False
CHEMBL1201766,Fospropofol,CC(C)c1cccc(C(C)C)c1OCOP(=O)(O)O,288.2799999999999,3.379000000000003,False
CHEMBL637,Venlafaxine,COc1ccc(cc1)C(CN(C)C)C2(O)CCCCC2,277.408,3.0356000000000014,False
CHEMBL1201346,Balsalazide,OC(=O)CCNC(=O)c1ccc(cc1)N=Nc2ccc(O)c(c2)C(=O)O,357.3220000000001,2.7103,True
CHEMBL796,Methylphenidate,COC(=O)C(C1CCCCN1)c2ccccc2,233.31100000000004,2.0853,False
CHEMBL2110788,Benzilonium Bromide,CC[N+]1(CC)CCC(C1)OC(=O)C(O)(c2ccccc2)c3ccccc3,354.47,3.0946000000000016,False
CHEMBL277100,Temafloxacin,CC1CN(CCN1)c2cc3N(C=C(C(=O)O)C(=O)c3cc2F)c4ccc(F)cc4F,417.38700000000006,2.904300000000001,True
CHEMBL3304486,Difemerine,CN(C)CC(C)(C)OC(=O)C(O)(c1ccccc1)c2ccccc2,327.42400000000004,2.8059000000000003,False
CHEMBL1232903,Calcium Glycerylphosphate,OCC(CO)OP(=O)(O)O,172.073,-1.5511000000000004,False
CHEMBL397976,Magnesium Pidolate,OC(=O)[C@@H]1CCC(=O)N1,129.115,-0.6504000000000001,True
CHEMBL1337,Nitisinone,[O-][N+](=O)c1cc(ccc1C(=O)C2C(=O)CCCC2=O)C(F)(F)F,329.2299999999999,2.7346000000000013,False
CHEMBL106,Fluconazole,OC(Cn1cncn1)(Cn2cncn2)c3ccc(F)cc3F,306.276,0.7357999999999993,False
CHEMBL1200449,Triamcinolone Diacetate,CC(=O)OCC(=O)[C@@]1(O)[C@@H](C[C@H]2[C@@H]3CCC4=CC(=O)C=C[C@]4(C)[C@@]3(F)[C@@H](O)C[C@]12C)OC(=O)C,478.51300000000026,1.7620999999999996,False
CHEMBL16073,Phenacetin,CCOc1ccc(NC(=O)C)cc1,179.219,2.0437,False
CHEMBL316561,Proglumide,CCCN(CCC)C(=O)C(CCC(=O)O)NC(=O)c1ccccc1,334.41600000000005,2.2984,True
CHEMBL857,Biotin,OC(=O)CCCC[C@@H]1SC[C@@H]2NC(=O)N[C@H]12,244.31600000000003,0.7968000000000001,True
CHEMBL8,Ciprofloxacin,OC(=O)C1=CN(C2CC2)c3cc(N4CCNCC4)c(F)cc3C1=O,331.34700000000004,1.5833,True
CHEMBL679,Adrenaline,CNC[C@H](O)c1ccc(O)c(O)c1,183.207,0.35060000000000013,False
CHEMBL601719,Crizotinib,C[C@@H](Oc1cc(cnc1N)c2cnn(c2)C3CCNCC3)c4c(Cl)ccc(F)c4Cl,450.34500000000014,5.0377000000000045,False
CHEMBL923,Risedronic Acid,OC(Cc1cccnc1)(P(=O)(O)O)P(=O)(O)O,283.11299999999994,-0.37440000000000007,False
CHEMBL1766,Desoximetasone,C[C@@H]1C[C@H]2[C@@H]3CCC4=CC(=O)C=C[C@]4(C)[C@@]3(F)[C@@H](O)C[C@]2(C)[C@H]1C(=O)CO,376.4680000000002,2.7808000000000015,False
CHEMBL1200376,Betamethasone Benzoate,C[C@H]1C[C@H]2[C@@H]3CCC4=CC(=O)C=C[C@]4(C)[C@@]3(F)[C@@H](O)C[C@]2(C)[C@@]1(OC(=O)c5ccccc5)C(=O)CO,496.57500000000033,3.760400000000003,False
CHEMBL1201087,Cabergoline,CCNC(=O)N(CCCN(C)C)C(=O)[C@@H]1C[C@H]2[C@@H](Cc3c[nH]c4cccc2c34)N(CC=C)C1,451.61500000000024,3.193900000000002,False
CHEMBL650,Methylprednisolone,C[C@H]1C[C@H]2[C@@H]3CC[C@](O)(C(=O)CO)[C@@]3(C)C[C@H](O)[C@@H]2[C@@]4(C)C=CC(=O)C=C14,374.4770000000001,1.8036,False
CHEMBL728,Prochlorperazine,CN1CCN(CCCN2c3ccccc3Sc4ccc(Cl)cc24)CC1,373.95300000000015,4.580200000000004,False
CHEMBL1020,Tolmetin,Cc1ccc(cc1)C(=O)c2ccc(CC(=O)O)n2C,257.289,2.1916199999999995,True
CHEMBL1200370,Benzoyl Peroxide,O=C(OOC(=O)c1ccccc1)c2ccccc2,242.23000000000002,2.615400000000001,False
CHEMBL1443,Nafcillin,CCOc1ccc2ccccc2c1C(=O)N[C@H]3[C@H]4SC(C)(C)[C@@H](N4C3=O)C(=O)O,414.4830000000002,2.4837999999999996,True
CHEMBL1090,Vidarabine,Nc1ncnc2c1ncn2[C@@H]3O[C@H](CO)[C@@H](O)[C@@H]3O,267.245,-1.9800000000000006,False
CHEMBL1643,Ribavirin,NC(=O)c1ncn(n1)[C@@H]2O[C@H](CO)[C@@H](O)[C@H]2O,244.20700000000002,-3.0114999999999994,False
CHEMBL1451,Triamcinolone,C[C@]12C[C@H](O)[C@@]3(F)[C@@H](CCC4=CC(=O)C=C[C@]34C)[C@@H]1C[C@@H](O)[C@]2(O)C(=O)CO,394.43900000000014,0.6204999999999998,False
CHEMBL188952,Pirprofen,CC(C(=O)O)c1ccc(N2CC=CC2)c(Cl)c1,251.71299999999997,2.904300000000001,True
CHEMBL534,Ketotifen,CN1CCC(=C2c3ccccc3CC(=O)c4sccc24)CC1,309.4340000000001,4.014400000000004,False
CHEMBL819,Oxacillin,Cc1onc(c2ccccc2)c1C(=O)N[C@H]3[C@H]4SC(C)(C)[C@@H](N4C3=O)C(=O)O,401.4440000000002,1.8953199999999997,True
CHEMBL1229,Oseltamivir,CCOC(=O)C1=C[C@@H](OC(CC)CC)[C@H](NC(=O)C)[C@@H](N)C1,312.41,1.2853999999999997,False
CHEMBL647,Apraclonidine,Nc1cc(Cl)c(N=C2NCCN2)c(Cl)c1,245.113,1.7558999999999998,False
CHEMBL1201347,Anileridine,CCOC(=O)C1(CCN(CCc2ccc(N)cc2)CC1)c3ccccc3,352.4780000000001,3.4082000000000026,False
CHEMBL1201222,Lisdexamfetamine,C[C@@H](Cc1ccccc1)NC(=O)[C@@H](N)CCCCN,263.38499999999993,1.1901,False
CHEMBL864,Carbinoxamine,CN(C)CCOC(c1ccc(Cl)cc1)c2ccccn2,290.794,3.4026000000000023,False
CHEMBL1628502,Gabapentin Enacarbil,CC(C)C(=O)OC(C)OC(=O)NCC1(CC(=O)O)CCCCC1,329.39300000000014,2.6830000000000007,True
CHEMBL57,Nevirapine,Cc1ccnc2N(C3CC3)c4ncccc4C(=O)Nc12,266.30400000000003,2.6512200000000004,False
CHEMBL600,Acetylcysteine,CC(=O)N[C@@H](CS)C(=O)O,163.198,-0.4945,True
CHEMBL1447,Lincomycin,CCC[C@@H]1C[C@H](N(C)C1)C(=O)N[C@H]([C@@H](C)O)[C@H]2O[C@H](SC)[C@H](O)[C@@H](O)[C@H]2O,406.54500000000013,-0.8569999999999969,False
CHEMBL599,Meloxicam,CN1C(=C(O)c2ccccc2S1(=O)=O)C(=O)Nc3ncc(C)s3,351.40900000000005,1.9509200000000002,False
CHEMBL1139,Epoprostenol,CCCCC[C@H](O)\C=C\[C@H]1[C@H](O)C[C@@H]2O\C(=C/CCCC(=O)O)\C[C@H]12,352.4710000000001,3.408500000000002,True
CHEMBL1200802,Talbutal,CCC(C)C1(CC=C)C(=O)NC(=O)NC1=O,224.26,0.9609999999999999,False
CHEMBL24171,Bergapten,COc1c2C=CC(=O)Oc2cc3occc13,216.19199999999998,2.5478000000000005,False
CHEMBL1201780,Carglumic acid,NC(=O)N[C@@H](CCC(=O)O)C(=O)O,190.155,-1.0273000000000003,True
CHEMBL105,Mitomycin,CO[C@]12[C@H]3N[C@H]3CN1C4=C([C@H]2COC(=O)N)C(=O)C(=C(C)C4=O)N,334.3320000000001,-1.6511999999999976,False
CHEMBL1908906,Florbetaben F-18,CNc1ccc(\C=C\c2ccc(OCCOCCOCCF)cc2)cc1,359.44100000000003,4.280200000000003,False
CHEMBL1070,Nabumetone,COc1ccc2cc(CCC(=O)C)ccc2c1,228.29099999999997,3.370000000000002,False
CHEMBL1200562,Hydrocortisone Valerate,CCCCC(=O)O[C@@]1(CC[C@H]2[C@@H]3CCC4=CC(=O)CC[C@]4(C)[C@H]3[C@@H](O)C[C@]12C)C(=O)CO,446.5840000000003,3.5227000000000026,False
CHEMBL700,Sulfapyridine,Nc1ccc(cc1)S(=O)(=O)Nc2ccccn2,249.29500000000002,1.4646000000000001,False
CHEMBL1200438,Tioconazole,Clc1ccc(C(Cn2ccnc2)OCc3ccsc3Cl)c(Cl)c1,387.71900000000005,5.8629000000000016,False
CHEMBL125,Miltefosine,CCCCCCCCCCCCCCCCOP(=O)([O-])OCC[N+](C)(C)C,407.57600000000014,5.675500000000006,False
CHEMBL461522,Dipyrone,CN(CS(=O)(=O)O)C1=C(C)N(C)N(C1=O)c2ccccc2,311.363,0.7659199999999999,False
CHEMBL19019,Naltrexone,Oc1ccc2C[C@H]3N(CC4CC4)CC[C@@]56[C@@H](Oc1c25)C(=O)CC[C@@]36O,341.40700000000015,1.5253999999999999,False
CHEMBL641,Atomoxetine,CNCC[C@@H](Oc1ccccc1C)c2ccccc2,255.361,3.7246200000000034,False
CHEMBL1201201,Metamfetamine,CN[C@@H](C)Cc1ccccc1,149.237,1.837,False
CHEMBL844,Brimonidine,Brc1c(NC2=NCCN2)ccc3nccnc13,292.14000000000004,1.7633999999999999,False
CHEMBL1396,Varenicline,C1NCC2CC1c3cc4nccnc4cc23,211.268,1.8038999999999998,False
CHEMBL3707254,Furazidin,[O-][N+](=O)c1oc(\C=C\C=N\N2CC(=O)NC2=O)cc1,264.19699999999995,0.7385999999999999,False
CHEMBL3707370,Piperidione,CCC1(CC)C(=O)CCNC1=O,169.224,0.8817999999999999,False
CHEMBL52440,Dextromethorphan,COc1ccc2C[C@H]3[C@H]4CCCC[C@@]4(CCN3C)c2c1,271.40399999999994,3.3834000000000026,False
CHEMBL1201210,Propiomazine,CCC(=O)c1ccc2Sc3ccccc3N(CC(C)N(C)C)c2c1,340.4920000000001,4.832100000000005,False
CHEMBL109,Valproic acid,CCCC(CCC)C(=O)O,144.214,2.2874,True
CHEMBL545,Alcohol,CCO,46.069,-0.0014000000000000123,False
CHEMBL1341,Methoxiflurane,COC(F)(F)C(Cl)Cl,164.966,2.0293,False
CHEMBL785,Ritodrine,C[C@H](NCCc1ccc(O)cc1)[C@H](O)c2ccc(O)cc2,287.35900000000004,2.3520000000000003,False
CHEMBL871,Etidronic Acid,CC(O)(P(=O)(O)O)P(=O)(O)O,206.027,-0.9922000000000002,False
CHEMBL1683,Hydrocortisone butyrate,CCCC(=O)O[C@@]1(CC[C@H]2[C@@H]3CCC4=CC(=O)CC[C@]4(C)[C@H]3[C@@H](O)C[C@]12C)C(=O)CO,432.55700000000024,3.1326000000000023,False
CHEMBL112,Acetaminophen,CC(=O)Nc1ccc(O)cc1,151.165,1.3505999999999998,False
CHEMBL562,Griseofulvin,COC1=CC(=O)C[C@@H](C)[C@]12Oc3c(Cl)c(OC)cc(OC)c3C2=O,352.7700000000001,2.8103000000000007,False
CHEMBL1551,Ursodeoxycholic Acid,C[C@H](CCC(=O)O)[C@H]1CC[C@H]2[C@@H]3[C@@H](O)C[C@@H]4C[C@H](O)CC[C@]4(C)[C@H]3CC[C@]12C,392.5800000000002,4.477900000000004,True
CHEMBL1614854,Dextrose,OC[C@H]1O[C@@H](O)[C@H](O)[C@@H](O)[C@@H]1O,180.156,-3.2214000000000005,False
CHEMBL3,Nicotine,CN1CCC[C@H]1c2cccnc2,162.236,1.8483,False
CHEMBL591,Ethchlorvynol,CCC(O)(\C=C\Cl)C#C,144.601,1.5131999999999999,False
CHEMBL2079587,Stanozolol,C[C@]1(O)CC[C@H]2[C@@H]3CC[C@H]4Cc5n[nH]cc5C[C@]4(C)[C@H]3CC[C@]12C,328.50000000000017,4.118100000000003,False
CHEMBL121,Rosiglitazone,CN(CCOc1ccc(CC2SC(=O)NC2=O)cc1)c3ccccn3,357.435,2.490900000000001,False
CHEMBL1235932,Fludeoxyglucose,OC[C@H]1O[C@@H](O)[C@H](F)[C@@H](O)[C@@H]1O,182.14700000000002,-2.2441999999999998,False
CHEMBL927,Cefdinir,Nc1nc(cs1)\C(=N\O)\C(=O)N[C@H]2[C@H]3SCC(=C(N3C2=O)C(=O)O)C=C,395.4220000000002,-0.17180000000000062,True
CHEMBL566315,Obeticholic acid,CC[C@H]1[C@@H](O)[C@H]2[C@@H]3CC[C@H]([C@H](C)CCC(=O)O)[C@@]3(C)CC[C@@H]2[C@@]4(C)CC[C@@H](O)C[C@@H]14,420.63400000000024,5.114000000000006,True
CHEMBL1129,Trifluridine,OC[C@H]1O[C@H](C[C@@H]1O)N2C=C(C(=O)NC2=O)C(F)(F)F,296.20099999999996,-0.8039000000000005,False
CHEMBL142438,Nitrogen,N#N,28.014,0.03016,False
CHEMBL184,Aciclovir,Nc1nc(O)c2ncn(COCCO)c2n1,225.20799999999994,-0.9195,False
CHEMBL646,Triazolam,Cc1nnc2CN=C(c3ccccc3Cl)c4cc(Cl)ccc4n12,343.2170000000001,4.233520000000003,False
CHEMBL1109,Sulfaphenazole,Nc1ccc(cc1)S(=O)(=O)Nc2ccnn2c3ccccc3,314.37,2.2553,False
CHEMBL439849,Vilazodone,NC(=O)c1oc2ccc(cc2c1)N3CCN(CCCCc4c[nH]c5ccc(cc45)C#N)CC3,441.53500000000025,4.029580000000003,False
CHEMBL782,Tolbutamide,CCCCNC(=O)NS(=O)(=O)c1ccc(C)cc1,270.354,1.78302,False
CHEMBL1477,Cerivastatin,COCc1c(nc(C(C)C)c(\C=C\[C@@H](O)C[C@@H](O)CC(=O)O)c1c2ccc(F)cc2)C(C)C,459.5580000000002,4.8807000000000045,True
CHEMBL441,Thiopental,CCCC(C)C1(CC)C(=O)NC(=NC1=O)S,242.34400000000002,1.7611999999999997,False
CHEMBL607,Pethidine,CCOC(=O)C1(CCN(C)CC1)c2ccccc2,247.338,2.2131,False
CHEMBL1215,Phenylephrine,CNC[C@H](O)c1cccc(O)c1,167.20799999999997,0.645,False
CHEMBL524,Methoxamine,COc1ccc(OC)c(c1)C(O)C(C)N,211.261,1.0843999999999998,False
CHEMBL1201264,Methantheline Bromide,CC[N+](C)(CC)CCOC(=O)C1c2ccccc2Oc3ccccc13,340.4430000000001,3.953800000000003,False
CHEMBL1997663,Ethacizine,CCOC(=O)Nc1ccc2Sc3ccccc3N(C(=O)CCN(CC)CC)c2c1,413.5430000000003,5.116200000000004,False
CHEMBL2095212,Mirabegron,Nc1nc(CC(=O)Nc2ccc(CCNC[C@H](O)c3ccccc3)cc2)cs1,396.516,2.7722000000000007,False
CHEMBL315838,Encainide,COc1ccc(cc1)C(=O)Nc2ccccc2CCC3CCCCN3C,352.4780000000002,4.364400000000003,False
CHEMBL282724,Sitaxentan,Cc1cc2OCOc2cc1CC(=O)c3sccc3S(=O)(=O)Nc4onc(C)c4Cl,454.9130000000001,3.9612400000000028,False
CHEMBL54976,L-Tryptophan,N[C@@H](Cc1c[nH]c2ccccc12)C(=O)O,204.22899999999998,1.1223000000000003,True
CHEMBL531,Pergolide,CCCN1C[C@H](CSC)C[C@H]2[C@H]1Cc3c[nH]c4cccc2c34,314.49800000000005,4.271100000000003,False
CHEMBL400599,Benfluorex,CC(Cc1cccc(c1)C(F)(F)F)NCCOC(=O)c2ccccc2,351.368,4.083000000000003,False
CHEMBL2104537,Amoproxan,COc1cc(cc(OC)c1OC)C(=O)OC(COCCC(C)C)CN2CCOCC2,425.52200000000033,2.6327000000000007,False
CHEMBL21731,Maprotiline,CNCCCC12CCC(c3ccccc13)c4ccccc24,277.41100000000006,4.211400000000004,False
CHEMBL1266,Tetryzoline,C1CC(C2=NCCN2)c3ccccc3C1,200.28500000000003,2.1082,False
CHEMBL1380,Abacavir,Nc1nc(NC2CC2)c3ncn([C@@H]4C[C@H](CO)C=C4)c3n1,286.339,1.0922999999999998,False
CHEMBL1349,Valaciclovir,CC(C)[C@H](N)C(=O)OCCOCn1cnc2C(=O)N=C(N)Nc12,324.341,-0.7975999999999985,False
CHEMBL1346,Darifenacin,NC(=O)C([C@@H]1CCN(CCc2ccc3OCCc3c2)C1)(c4ccccc4)c5ccccc5,426.5600000000001,3.9575000000000022,False
CHEMBL1096562,Methyl Aminolevulinate HCl,COC(=O)CCC(=O)CN,145.158,-0.5326000000000002,False
CHEMBL27,Propranolol,CC(C)NCC(O)COc1cccc2ccccc12,259.34900000000005,2.5775000000000006,False
CHEMBL597,Phentolamine,Cc1ccc(cc1)N(CC2=NCCN2)c3cccc(O)c3,281.359,2.840420000000001,False
CHEMBL472,Glibenclamide,COc1ccc(Cl)cc1C(=O)NCCc2ccc(cc2)S(=O)(=O)NC(=O)NC3CCCCC3,494.0130000000003,3.641700000000002,False
CHEMBL15891,Lindane,Cl[C@@H]1[C@@H](Cl)[C@H](Cl)[C@H](Cl)[C@@H](Cl)[C@@H]1Cl,290.832,3.644400000000001,False
CHEMBL12713,Sertindole,Fc1ccc(cc1)n2cc(C3CCN(CCN4CCNC4=O)CC3)c5cc(Cl)ccc25,440.9500000000002,4.627600000000004,False
CHEMBL17,Dichlorphenamide,NS(=O)(=O)c1cc(Cl)c(Cl)c(c1)S(=O)(=O)N,305.16400000000004,0.2882000000000006,False
CHEMBL956,Suprofen,CC(C(=O)O)c1ccc(cc1)C(=O)c2cccs2,260.31399999999996,3.167200000000001,True
CHEMBL1200877,Flumetasone Pivalate,C[C@@H]1C[C@H]2[C@@H]3C[C@H](F)C4=CC(=O)C=C[C@]4(C)[C@@]3(F)[C@@H](O)C[C@]2(C)[C@@]1(O)C(=O)COC(=O)C(C)(C)C,494.5750000000004,3.4407000000000023,False
CHEMBL1201213,Isoetarine,CCC(NC(C)C)C(O)c1ccc(O)c(O)c1,239.315,1.9077999999999997,False
CHEMBL1013,Loracarbef,N[C@@H](C(=O)N[C@H]1[C@H]2CCC(=C(N2C1=O)C(=O)O)Cl)c3ccccc3,349.77400000000006,0.7108000000000003,True
CHEMBL3092041,Acetyldihydrocodeine,COc1ccc2C[C@@H]3[C@@H]4CC[C@H](OC(=O)C)[C@@H]5Oc1c2[C@]45CCN3C,343.4230000000001,2.2959000000000005,False
CHEMBL3707449,CHEMBL3707449,CN(C)CC(=O)OC[C@@H](O)[C@@H](O)[C@H](O)[C@@H](O)C(=O)O,281.261,-3.380599999999997,True
CHEMBL139877,Sulfacarbamide,NC(=O)NS(=O)(=O)c1ccc(N)cc1,215.234,-0.3742000000000003,False
CHEMBL1740513,Isaxonine,CC(C)Nc1ncccn1,137.18599999999998,1.2969,False
CHEMBL1909282,Fenclozic Acid,OC(=O)Cc1csc(n1)c2ccc(Cl)cc2,253.71,3.090600000000001,True
CHEMBL254857,Fipexide,Clc1ccc(OCC(=O)N2CCN(Cc3ccc4OCOc4c3)CC2)cc1,388.85100000000017,2.791900000000001,False
CHEMBL2104607,Nicethamide,CCN(CC)C(=O)c1cccnc1,178.235,1.5636,False
CHEMBL21869,Dibromsalan,Oc1ccc(Br)cc1C(=O)Nc2ccc(Br)cc2,371.028,4.169500000000001,False
CHEMBL24944,Tribromsalan,Oc1c(Br)cc(Br)cc1C(=O)Nc2ccc(Br)cc2,449.9240000000001,4.932000000000001,False
CHEMBL1452696,Feprazone,CC(=CCC1C(=O)N(N(C1=O)c2ccccc2)c3ccccc3)C,320.39200000000005,3.9539000000000026,False
CHEMBL583,Grepafloxacin,CC1CN(CCN1)c2cc3N(C=C(C(=O)O)C(=O)c3c(C)c2F)C4CC4,359.4010000000001,2.28022,True
CHEMBL118,Celecoxib,Cc1ccc(cc1)c2cc(nn2c3ccc(cc3)S(=O)(=O)N)C(F)(F)F,381.3790000000001,3.5139200000000015,False
CHEMBL1363,Arformoterol,COc1ccc(C[C@@H](C)NC[C@H](O)c2ccc(O)c(NC=O)c2)cc1,344.41100000000006,2.2233,False
CHEMBL1200807,Norelgestromin,CC[C@]12CC[C@H]3[C@@H](CCC4=C\C(=N\O)\CC[C@H]34)[C@@H]1CC[C@@]2(O)C#C,327.46800000000013,4.1437000000000035,False
CHEMBL430,Gemifloxacin,CO\N=C\1/CN(CC1CN)c2nc3N(C=C(C(=O)O)C(=O)c3cc2F)C4CC4,389.38700000000017,0.966,True
CHEMBL220491,Brinzolamide,CCN[C@H]1CN(CCCOC)S(=O)(=O)c2sc(cc12)S(=O)(=O)N,383.5170000000001,0.08690000000000075,False
CHEMBL1359,Ertapenem,C[C@@H](O)[C@@H]1[C@H]2[C@@H](C)C(=C(N2C1=O)C(=O)O)S[C@@H]3CN[C@@H](C3)C(=O)Nc4cccc(c4)C(=O)O,475.5230000000002,0.9407000000000005,True
CHEMBL1261,Citric Acid,OC(=O)CC(O)(CC(=O)O)C(=O)O,192.123,-1.2484999999999995,True
CHEMBL1946170,Regorafenib,CNC(=O)c1cc(Oc2ccc(NC(=O)Nc3ccc(Cl)c(c3)C(F)(F)F)c(F)c2)ccn1,482.82100000000014,5.688800000000002,False
CHEMBL1118,Desvenlafaxine,CN(C)CC(c1ccc(O)cc1)C2(O)CCCCC2,263.381,2.7326000000000006,False
CHEMBL1194,Prilocaine,CCCNC(C)C(=O)Nc1ccccc1C,220.316,2.3216200000000002,False
CHEMBL655,Midazolam,Cc1ncc2CN=C(c3ccccc3F)c4cc(Cl)ccc4n12,325.77400000000006,4.324220000000003,False
CHEMBL285674,Estazolam,Clc1ccc2c(c1)C(=NCc3nncn23)c4ccccc4,294.745,3.271700000000001,False
CHEMBL90,Histamine Dihydrochloride,NCCc1c[nH]cn1,111.14799999999998,-0.08910000000000035,False
CHEMBL1628227,Doxepin,CN(C)CCC=C1c2ccccc2COc3ccccc13,279.383,3.9624000000000033,False
CHEMBL76,Chloroquine,CCN(CC)CCCC(C)Nc1ccnc2cc(Cl)ccc12,319.88000000000005,4.810600000000004,False
CHEMBL817,Tolazamide,Cc1ccc(cc1)S(=O)(=O)NC(=O)NN2CCCCCC2,311.40700000000015,1.77392,False
CHEMBL108,Carbamazepine,NC(=O)N1c2ccccc2C=Cc3ccccc13,236.274,3.3872000000000018,False
CHEMBL1201270,Hexamine,C1N2CN3CN(CN1C3)C2,140.19,-1.0197999999999992,False
CHEMBL839,Carteolol,CC(C)(C)NCC(O)COc1cccc2NC(=O)CCc12,292.3790000000001,1.6990999999999998,False
CHEMBL1305,Antazoline,C(N(Cc1ccccc1)c2ccccc2)C3=NCCN3,265.35999999999996,2.6949000000000005,False
CHEMBL611,Terazosin,COc1cc2nc(nc(N)c2cc1OC)N3CCN(CC3)C(=O)C4CCCO4,387.4400000000002,1.0567999999999995,False
CHEMBL703,Succinylcholine chloride,C[N+](C)(C)CCOC(=O)CCC(=O)OCC[N+](C)(C)C,290.404,0.2654000000000025,False
CHEMBL1908370,Finafloxacin,OC(=O)C1=CN(C2CC2)c3c(C#N)c(N4C[C@@H]5NCCO[C@H]5C4)c(F)cc3C1=O,398.39400000000023,1.2223799999999998,True
CHEMBL1208,Cinoxacin,CCN1N=C(C(=O)O)C(=O)c2cc3OCOc3cc12,262.22099999999995,0.8432999999999997,True
CHEMBL622,Etodolac,CCc1cccc2c3CCOC(CC)(CC(=O)O)c3[nH]c12,287.3589999999999,3.383000000000001,True
CHEMBL468,Thalidomide,O=C1CCC(N2C(=O)c3ccccc3C2=O)C(=O)N1,258.23299999999995,0.08779999999999993,False
CHEMBL996,Cefoxitin,CO[C@]1(NC(=O)Cc2cccs2)[C@H]3SCC(=C(N3C1=O)C(=O)O)COC(=O)N,427.46000000000026,0.0986000000000008,True
CHEMBL1054,Trichlormethiazide,NS(=O)(=O)c1cc2c(NC(NS2(=O)=O)C(Cl)Cl)cc1Cl,380.66200000000003,0.8210000000000011,False
CHEMBL1231,Oxybutynin,CCN(CC)CC#CCOC(=O)C(O)(C1CCCCC1)c2ccccc2,357.4940000000001,3.342900000000002,False
CHEMBL503,Lovastatin,CC[C@H](C)C(=O)O[C@H]1C[C@@H](C)C=C2C=C[C@H](C)[C@H](CC[C@@H]3C[C@@H](O)CC(=O)O3)[C@@H]12,404.54700000000025,4.195500000000004,False
CHEMBL1072,Bumetanide,CCCCNc1cc(cc(c1Oc2ccccc2)S(=O)(=O)N)C(=O)O,364.4230000000001,3.0365,True
CHEMBL490,Paroxetine,Fc1ccc(cc1)[C@@H]2CCNC[C@H]2COc3ccc4OCOc4c3,329.3710000000001,3.326500000000002,False
CHEMBL1282,Imiquimod,CC(C)Cn1cnc2c(N)nc3ccccc3c12,240.30999999999997,2.8227,False
CHEMBL535,Sunitinib,CCN(CC)CCNC(=O)c1c(C)[nH]c(\C=C\2/C(=O)Nc3ccc(F)cc23)c1C,398.48200000000014,3.3349400000000013,False
CHEMBL1194325,Aclidinium Bromide,OC(C(=O)O[C@H]1C[N+]2(CCCOc3ccccc3)CCC1CC2)(c4cccs4)c5cccs5,484.66300000000024,4.666800000000004,False
CHEMBL23,Diltiazem,COc1ccc(cc1)[C@@H]2Sc3ccccc3N(CCN(C)C)C(=O)[C@@H]2OC(=O)C,414.5270000000002,3.368500000000002,False
CHEMBL1590,Pseudoephedrine,CN[C@@H](C)[C@@H](O)c1ccccc1,165.236,1.3278999999999999,False
CHEMBL590,Menadione,CC1=CC(=O)c2ccccc2C1=O,172.18299999999996,2.0119000000000002,False
CHEMBL926,Dobutamine,CC(CCc1ccc(O)cc1)NCCc2ccc(O)c(O)c2,301.386,2.956800000000002,False
CHEMBL1561,Miglitol,OCCN1C[C@H](O)[C@@H](O)[C@H](O)[C@H]1CO,207.226,-3.262099999999999,False
CHEMBL1200868,Fenamisal,Nc1ccc(C(=O)Oc2ccccc2)c(O)c1,229.23500000000004,2.1936,False
CHEMBL2368925,Dolasetron,O=C(O[C@@H]1C[C@@H]2C[C@H]3C[C@H](C1)N2CC3=O)c4c[nH]c5ccccc45,324.38000000000005,2.519000000000001,False
CHEMBL1592,Quinapril,CCOC(=O)[C@H](CCc1ccccc1)N[C@@H](C)C(=O)N2Cc3ccccc3C[C@H]2C(=O)O,438.5240000000003,2.5671,True
CHEMBL439,Sulfadiazine,Nc1ccc(cc1)S(=O)(=O)Nc2ncccn2,250.28300000000002,0.8596000000000001,False
CHEMBL1200394,Ethanolamine Oleate,CCCCCCCC\C=C/CCCCCCC(N)(CO)C(=O)O,327.509,4.4082000000000034,True
CHEMBL1311,Isosorbide Mononitrate,O[C@H]1CO[C@@H]2[C@@H](CO[C@H]12)O[N+](=O)[O-],191.13899999999998,-1.2781999999999996,False
CHEMBL1201348,Menadiol,Cc1cc(OP(=O)(O)O)c2ccccc2c1OP(=O)(O)O,334.15700000000004,2.0912200000000016,False
CHEMBL778,Dexmedetomidine,C[C@H](c1c[nH]cn1)c2cccc(C)c2C,200.28499999999997,3.1783400000000013,False
CHEMBL1024,Ifosfamide,ClCCNP1(=O)OCCCN1CCCl,261.08899999999994,1.884,False
CHEMBL276832,Hydralazine,NNc1nncc2ccccc12,160.17999999999998,0.9153999999999998,False
CHEMBL1200774,Fluprednisolone,C[C@]12C[C@H](O)[C@H]3[C@@H](C[C@H](F)C4=CC(=O)C=C[C@]34C)[C@@H]1CC[C@]2(O)C(=O)CO,378.44000000000017,1.5056,False
CHEMBL744,Riluzole,Nc1nc2ccc(OC(F)(F)F)cc2s1,234.20199999999994,2.7771,False
CHEMBL480,Lansoprazole,Cc1c(OCC(F)(F)F)ccnc1C[S+]([O-])c2nc3ccccc3[nH]2,369.3680000000001,3.515220000000001,False
CHEMBL1596,Carindacillin,CC1(C)S[C@@H]2[C@H](NC(=O)C(C(=O)Oc3ccc4CCCc4c3)c5ccccc5)C(=O)N2[C@H]1C(=O)O,494.5690000000003,2.4962,True
CHEMBL1189432,Olopatadine,CN(C)CC\C=C/1\c2ccccc2COc3ccc(CC(=O)O)cc13,337.4190000000001,3.589500000000002,True
CHEMBL1167,Spectinomycin,CN[C@@H]1[C@H](O)[C@H](NC)[C@H]2O[C@]3(O)[C@@H](O[C@H](C)CC3=O)O[C@@H]2[C@H]1O,332.35300000000007,-2.9255999999999944,False
CHEMBL1201056,Sulfacitine,CCN1C=CC(=NC1=O)NS(=O)(=O)c2ccc(N)cc2,294.336,0.6461999999999999,False
CHEMBL515914,Azaribine,CC(=O)OC[C@H]1O[C@H]([C@H](OC(=O)C)[C@@H]1OC(=O)C)N2N=CC(=O)NC2=O,371.3020000000001,-1.744499999999998,False
CHEMBL1095,Ethotoin,CCN1C(=O)NC(C1=O)c2ccccc2,204.229,1.2994,False
CHEMBL680,Cefaclor,N[C@@H](C(=O)N[C@H]1[C@H]2SCC(=C(N2C1=O)C(=O)O)Cl)c3ccccc3,367.814,0.6213000000000004,True
CHEMBL16,Phenytoin,OC1=NC(=O)C(N1)(c2ccccc2)c3ccccc3,252.27300000000002,1.9739999999999998,False
CHEMBL969,Prazepam,Clc1ccc2N(CC3CC3)C(=O)CN=C(c4ccccc4)c2c1,324.811,3.934000000000003,False
CHEMBL1177,Pemoline,NC1=NC(=O)C(O1)c2ccccc2,176.17499999999998,0.5992,False
CHEMBL1754,Doxapram,CCN1CC(CCN2CCOCC2)C(C1=O)(c3ccccc3)c4ccccc4,378.516,3.173300000000001,False
CHEMBL905,Rizatriptan,CN(C)CCc1c[nH]c2ccc(Cn3cncn3)cc12,269.35200000000003,1.9118000000000002,False
CHEMBL629,Amitriptyline,CN(C)CCC=C1c2ccccc2CCc3ccccc13,277.411,4.168600000000003,False
CHEMBL1201232,Isopropamide Iodide,CC(C)[N+](C)(CCC(C(=O)N)(c1ccccc1)c2ccccc2)C(C)C,353.5300000000001,4.111500000000003,False
CHEMBL1263,Salmeterol,OCc1cc(ccc1O)C(O)CNCCCCCCOCCCCc2ccccc2,415.5740000000002,4.107400000000004,False
CHEMBL1518,Propylthiouracil,CCCC1=CC(=O)NC(=S)N1,170.237,1.38499,False
CHEMBL1219,Rabeprazole,COCCCOc1ccnc(C[S+]([O-])c2nc3ccccc3[nH]2)c1C,359.451,2.989420000000001,False
CHEMBL1201863,Dexlansoprazole,Cc1c(OCC(F)(F)F)ccnc1C[S+]([O-])c2nc3ccccc3[nH]2,369.3680000000001,3.515220000000001,False
CHEMBL546,Oxprenolol,CC(C)NCC(O)COc1ccccc1OCC=C,265.353,1.9890999999999996,False
CHEMBL1254682,Levallorphan,Oc1ccc2C[C@@H]3[C@@H]4CCCC[C@]4(CCN3CC=C)c2c1,283.41499999999996,3.636600000000003,False
CHEMBL3707268,Fluciclovine F 18,C[C@@]1(F)C[C@@](N)(C1)C(=O)O,147.149,0.29050000000000004,True
CHEMBL3707235,Gemigliptin,N[C@H](CN1CC(F)(F)CCC1=O)CC(=O)N2CCc3c(C2)nc(nc3C(F)(F)F)C(F)(F)F,489.36700000000013,2.3740000000000006,False
CHEMBL1201321,Difenoxin,OC(=O)C1(CCN(CCC(C#N)(c2ccccc2)c3ccccc3)CC1)c4ccccc4,424.5440000000002,5.004780000000006,True
CHEMBL27193,Dilevalol,C[C@H](CCc1ccccc1)NC[C@H](O)c2ccc(O)c(c2)C(=O)N,328.4120000000001,2.1353999999999997,False
CHEMBL585,Triamterene,Nc1nc(N)c2nc(c(N)nc2n1)c3ccccc3,253.269,0.8333999999999999,False
CHEMBL704,Mesalamine,Nc1ccc(O)c(c1)C(=O)O,153.137,0.6726000000000001,True
CHEMBL1504,Triamcinolone Acetonide,CC1(C)O[C@@H]2C[C@H]3[C@@H]4CCC5=CC(=O)C=C[C@]5(C)[C@@]4(F)[C@@H](O)C[C@]3(C)[C@@]2(O1)C(=O)CO,434.50400000000025,2.4188000000000005,False
CHEMBL1294,Quinidine,COc1ccc2nccc([C@H](O)[C@H]3C[C@@H]4CCN3C[C@@H]4C=C)c2c1,324.4240000000001,3.1732000000000014,False
CHEMBL177756,Fluorescein,OC(=O)c1ccccc1C2=C3C=CC(=O)C=C3Oc4cc(O)ccc24,332.31100000000004,3.9686000000000012,True
CHEMBL771,Cycloserine,N[C@@H]1CONC1=O,102.09299999999999,-1.6249000000000007,False
CHEMBL80,Naloxone,Oc1ccc2C[C@H]3N(CC=C)CC[C@@]45[C@@H](Oc1c24)C(=O)CC[C@@]35O,327.3800000000001,1.3014,False
CHEMBL1256391,Pirfenidone,CC1=CN(C(=O)C=C1)c2ccccc2,185.226,2.1459200000000003,False
CHEMBL841,Loperamide,CN(C)C(=O)C(CCN1CCC(O)(CC1)c2ccc(Cl)cc2)(c3ccccc3)c4ccccc4,477.0480000000001,5.088000000000005,False
CHEMBL1201353,Dexchlorpheniramine,CN(C)CC[C@@H](c1ccc(Cl)cc1)c2ccccn2,274.795,3.8186000000000027,False
CHEMBL1535,Hydroxychloroquine,CCN(CCO)CCCC(C)Nc1ccnc2cc(Cl)ccc12,335.8790000000001,3.783000000000002,False
CHEMBL970,Halazepam,FC(F)(F)CN1C(=O)CN=C(c2ccccc2)c3cc(Cl)ccc13,352.7430000000001,4.086300000000002,False
CHEMBL866,Mycophenolic acid,COc1c(C)c2COC(=O)c2c(O)c1C\C=C(/C)\CCC(=O)O,320.34100000000007,2.73322,True
CHEMBL282052,Methaqualone,CC1=Nc2ccccc2C(=O)N1c3ccccc3C,250.30099999999996,3.0025400000000015,False
CHEMBL895,Nalbuphine,O[C@H]1CC[C@@]2(O)[C@H]3Cc4ccc(O)c5O[C@@H]1[C@]2(CCN3CC6CCC6)c45,357.4500000000002,1.7073000000000003,False
CHEMBL768,Esmolol,COC(=O)CCc1ccc(OCC(O)CNC(C)C)cc1,295.379,1.5298999999999996,False
CHEMBL1963683,Tafluprost,CC(C)OC(=O)CCC\C=C/C[C@H]1[C@@H](O)C[C@@H](O)[C@@H]1\C=C\C(F)(F)COc2ccccc2,452.5380000000001,4.683000000000004,False
CHEMBL1753,Clindamycin,CCC[C@@H]1C[C@H](N(C)C1)C(=O)N[C@H]([C@H](C)Cl)[C@H]2O[C@H](SC)[C@H](O)[C@@H](O)[C@H]2O,424.9910000000001,0.38950000000000023,False
CHEMBL193240,Roflumilast,FC(F)Oc1ccc(cc1OCC2CC2)C(=O)Nc3c(Cl)cncc3Cl,403.212,5.030900000000003,False
CHEMBL560,Pentazocine,C[C@H]1[C@H]2Cc3ccc(O)cc3[C@]1(C)CCN2CC=C(C)C,285.431,3.8826000000000036,False
CHEMBL92963,Narcobarbital,CC(C)C1(CC(=C)Br)C(=O)NC(=O)N(C)C1=O,303.15600000000006,1.6357000000000002,False
CHEMBL1069,Valsartan,CCCCC(=O)N(Cc1ccc(cc1)c2ccccc2c3nnn[nH]3)[C@@H](C(C)C)C(=O)O,435.5280000000002,4.1617000000000015,True
CHEMBL1200386,Prednicarbate,CCOC(=O)O[C@@]1(CC[C@H]2[C@@H]3CCC4=CC(=O)C=C[C@]4(C)[C@H]3[C@@H](O)C[C@]12C)C(=O)COC(=O)CC,488.57700000000034,3.6993000000000027,False
CHEMBL514800,Apremilast,CCOc1cc(ccc1OC)[C@@H](CS(=O)(=O)C)N2C(=O)c3cccc(NC(=O)C)c3C2=O,460.5080000000002,2.4342000000000006,False
CHEMBL567597,Artemisinin,C[C@@H]1CC[C@H]2[C@@H](C)C(=O)O[C@@H]3O[C@]4(C)CC[C@@H]1[C@@]23OO4,282.33599999999996,2.3949000000000007,False
CHEMBL1214,Carbenicillin,CC1(C)S[C@@H]2[C@H](NC(=O)C(C(=O)O)c3ccccc3)C(=O)N2[C@H]1C(=O)O,378.4060000000001,0.4864999999999999,True
CHEMBL431,Spirapril,CCOC(=O)[C@H](CCc1ccccc1)N[C@@H](C)C(=O)N2CC3(C[C@H]2C(=O)O)SCCS3,466.62500000000034,2.3908000000000005,True
CHEMBL607400,Brivaracetam,CCC[C@H]1CN([C@@H](CC)C(=O)N)C(=O)C1,212.29299999999998,0.8988999999999999,False
CHEMBL1301,Hydroxystilbamidine,NC(=N)c1ccc(\C=C\c2ccc(cc2O)C(=N)N)cc1,280.33099999999996,2.1307400000000003,False
CHEMBL1082,Amoxicillin,CC1(C)S[C@@H]2[C@H](NC(=O)[C@H](N)c3ccc(O)cc3)C(=O)N2[C@H]1C(=O)O,365.4110000000001,0.023700000000000443,True
CHEMBL1200391,Trometamol,NC(CO)(CO)CO,121.136,-2.3391999999999995,False
CHEMBL1531,Etonogestrel,CC[C@]12CC(=C)[C@H]3[C@@H](CCC4=CC(=O)CC[C@H]34)[C@@H]1CC[C@@]2(O)C#C,324.46400000000006,4.048700000000003,False
CHEMBL500,Pindolol,CC(C)NCC(O)COc1cccc2[nH]ccc12,248.32600000000002,1.9055999999999995,False
CHEMBL1200585,Oxymetholone,C[C@]1(O)CC[C@H]2[C@@H]3CC[C@H]4CC(=O)\C(=C/O)\C[C@]4(C)[C@H]3CC[C@]12C,332.48400000000015,4.401000000000003,False
CHEMBL1021,Nepafenac,NC(=O)Cc1cccc(C(=O)c2ccccc2)c1N,254.289,1.5276,False
CHEMBL1201193,Levobupivacaine,CCCCN1CCCC[C@H]1C(=O)Nc2c(C)cccc2C,288.43500000000006,3.8965400000000026,False
CHEMBL1314,Tiopronin,CC(S)C(=O)NCC(=O)O,163.198,-0.49450000000000044,True
CHEMBL1512,Flunisolide,CC1(C)O[C@@H]2C[C@H]3[C@@H]4C[C@H](F)C5=CC(=O)C=C[C@]5(C)[C@H]4[C@@H](O)C[C@]3(C)[C@@]2(O1)C(=O)CO,434.50400000000025,2.2747000000000006,False
CHEMBL838,Benazepril,CCOC(=O)[C@H](CCc1ccccc1)N[C@H]2CCc3ccccc3N(CC(=O)O)C2=O,424.49700000000024,2.5731,True
CHEMBL460,Molindone,CCc1c(C)[nH]c2CCC(CN3CCOCC3)C(=O)c12,276.37999999999994,1.96282,False
CHEMBL1493,Flavoxate,CC1=C(Oc2c(cccc2C1=O)C(=O)OCCN3CCCCC3)c4ccccc4,391.4670000000002,4.411120000000004,False
CHEMBL1625,Oxybenzone,COc1ccc(C(=O)c2ccccc2)c(O)c1,228.247,2.631800000000001,False
CHEMBL671,Thiotepa,S=P(N1CC1)(N2CC2)N3CC3,189.22399999999996,0.15770000000000017,False
CHEMBL416,Methoxsalen,COc1c2OC(=O)C=Cc2cc3ccoc13,216.19199999999998,2.5478000000000005,False
CHEMBL16476,Pronetalol,CC(C)NCC(O)c1ccc2ccccc2c1,229.323,2.871200000000001,False
CHEMBL408513,Belinostat,ONC(=O)\C=C\c1cccc(c1)S(=O)(=O)Nc2ccccc2,318.354,2.0060000000000002,False
CHEMBL1466,Dicoumarol,OC1=C(CC2=C(O)c3ccccc3OC2=O)C(=O)Oc4ccccc14,336.29900000000004,2.9014000000000006,False
CHEMBL12856,Amrinone,NC1=CC(=CNC1=O)c2ccncc2,187.20200000000003,1.0191000000000001,False
CHEMBL70046,Sorivudine,OC[C@H]1O[C@H]([C@@H](O)[C@@H]1O)N2C=C(\C=C\Br)C(=O)NC2=O,349.13700000000006,-1.4863000000000006,False
CHEMBL516,Cyproheptadine,CN1CCC(=C2c3ccccc3C=Cc4ccccc24)CC1,287.4060000000001,4.697900000000004,False
CHEMBL113,Caffeine,CN1C(=O)N(C)c2ncn(C)c2C1=O,194.19399999999996,-1.029300000000001,False
CHEMBL3353410,Osimertinib,COc1cc(N(C)CCN(C)C)c(NC(=O)C=C)cc1Nc2nccc(n2)c3cn(C)c4ccccc34,499.6190000000002,4.509800000000003,False
CHEMBL522038,Ximelagatran,CCOC(=O)CN[C@H](C1CCCCC1)C(=O)N2CC[C@H]2C(=O)NCc3ccc(cc3)\C(=N/O)\N,473.5740000000001,1.0998000000000032,False
CHEMBL457,Gemfibrozil,Cc1ccc(C)c(OCCCC(C)(C)C(=O)O)c1,250.33799999999997,3.573240000000002,True
CHEMBL3545256,Aztreonam,C[C@H]1[C@H](NC(=O)\C(=N/OC(C)(C)C(=O)O)\c2csc(C)n2)C(=O)N1S(=O)(=O)O,434.45200000000017,-0.44627999999999896,True
CHEMBL691,Ethinylestradiol,C[C@]12CC[C@H]3[C@@H](CCc4cc(O)ccc34)[C@@H]1CC[C@@]2(O)C#C,296.41,3.6126000000000023,False
CHEMBL891,Cloxacillin,Cc1onc(c2ccccc2Cl)c1C(=O)N[C@H]3[C@H]4SC(C)(C)[C@@H](N4C3=O)C(=O)O,435.8890000000002,2.5487200000000003,True
CHEMBL12,Diazepam,CN1C(=O)CN=C(c2ccccc2)c3cc(Cl)ccc13,284.74600000000004,3.153800000000002,False
CHEMBL1420,Pralidoxime,C[n+]1ccccc1C=NO,137.162,0.3191999999999999,False
CHEMBL1115,Pyridostigmine Bromide,CN(C)C(=O)Oc1ccc[n+](C)c1,181.21499999999997,0.5714999999999999,False
CHEMBL1241,Tripelennamine,CN(C)CCN(Cc1ccccc1)c2ccccn2,255.36500000000004,2.649800000000001,False
CHEMBL856,Primidone,CCC1(C(=O)NCNC1=O)c2ccccc2,218.256,0.5378999999999994,False
CHEMBL504760,Camphor,CC1(C)[C@@H]2CC[C@@]1(C)C(=O)C2,152.237,2.401700000000001,False
CHEMBL1401,Nitazoxanide,CC(=O)Oc1ccccc1C(=O)Nc2ncc(s2)[N+](=O)[O-],307.28700000000003,2.2289000000000003,False
CHEMBL1138,Ezetimibe,O[C@@H](CC[C@@H]1[C@H](N(C1=O)c2ccc(F)cc2)c3ccc(O)cc3)c4ccc(F)cc4,409.4320000000001,4.8883000000000045,False
CHEMBL1214124,Perampanel,O=C1N(C=C(C=C1c2ccccc2C#N)c3ccccn3)c4ccccc4,349.39300000000003,4.438180000000003,False
CHEMBL1237132,Clevidipine,CCCC(=O)OCOC(=O)C1=C(C)NC(=C(C1c2cccc(Cl)c2Cl)C(=O)OC)C,456.3220000000002,4.245200000000003,False
CHEMBL2107797,Norgestrel,CC[C@]12CC[C@H]3[C@@H](CCC4=CC(=O)CC[C@H]34)[C@@H]1CCC2(O)C#C,312.45300000000003,3.8826000000000027,False
CHEMBL256087,DL-Menthol,CC(C)C1CCC(C)CC1O,156.269,2.439500000000001,False
CHEMBL1444,Letrozole,N#Cc1ccc(cc1)C(c2ccc(cc2)C#N)n3cncn3,285.31,2.659160000000001,False
CHEMBL1475,Trioxsalen,CC1=CC(=O)Oc2c(C)c3oc(C)cc3cc12,228.24699999999999,3.4644600000000016,False
CHEMBL1200971,Cefaloglycin,CC(=O)OCC1=C(N2[C@H](SC1)[C@H](NC(=O)[C@H](N)c3ccccc3)C2=O)C(=O)O,405.43200000000013,-0.011899999999999189,True
CHEMBL918,Phenacemide,NC(=O)NC(=O)Cc1ccccc1,178.191,0.42399999999999954,False
CHEMBL963,Oxymorphone,CN1CC[C@]23[C@H]4Oc5c(O)ccc(C[C@@H]1[C@]2(O)CCC4=O)c35,301.3420000000001,0.7452000000000001,False
CHEMBL1479,Danazol,C[C@]12Cc3cnoc3C=C1CC[C@@H]4[C@@H]2CC[C@@]5(C)[C@H]4CC[C@@]5(O)C#C,337.4630000000001,4.221000000000004,False
CHEMBL1200624,Ethynodiol Diacetate,CC(=O)O[C@H]1CC[C@@H]2[C@H]3CC[C@@]4(C)[C@@H](CC[C@@]4(OC(=O)C)C#C)[C@@H]3CCC2=C1,384.51600000000013,4.425900000000004,False
CHEMBL1201237,Levobunolol,CC(C)(C)NC[C@H](O)COc1cccc2C(=O)CCCc12,291.3910000000001,2.3334,False
CHEMBL1201288,Dantrolene,[O-][N+](=O)c1ccc(cc1)c2oc(\C=N\N3CC(=O)NC3=O)cc2,314.257,1.7405,False
CHEMBL467,Hydroxycarbamide,NC(=O)NO,76.05499999999999,-0.9561000000000002,False
CHEMBL103,Progesterone,CC(=O)[C@H]1CC[C@H]2[C@@H]3CCC4=CC(=O)CC[C@]4(C)[C@H]3CC[C@]12C,314.46900000000005,4.723500000000005,False
CHEMBL601,Aminolevulinic Acid HCl,NCC(=O)CCC(=O)O,131.131,-0.6210000000000004,True
CHEMBL248702,Dexfenfluramine,CCN[C@@H](C)Cc1cccc(c1)C(F)(F)F,231.26099999999997,3.2459000000000024,False
CHEMBL3137312,Dasabuvir,COc1c(cc(cc1C(C)(C)C)N2C=CC(=O)NC2=O)c3ccc4cc(NS(=O)(=O)C)ccc4c3,493.5850000000002,4.023600000000002,False
CHEMBL1585,Pipobroman,BrCCC(=O)N1CCN(CC1)C(=O)CCBr,356.058,1.2272,False
CHEMBL1233,Carisoprodol,CCCC(C)(COC(=O)N)COC(=O)NC(C)C,260.334,2.0227,False
CHEMBL1170,Testosterone propionate,CCC(=O)O[C@H]1CC[C@H]2[C@@H]3CCC4=CC(=O)CC[C@]4(C)[C@H]3CC[C@]12C,344.4950000000001,4.840100000000005,False
CHEMBL135,Estradiol,C[C@]12CC[C@H]3[C@@H](CCc4cc(O)ccc34)[C@@H]1CC[C@@H]2O,272.388,3.6092000000000026,False
CHEMBL1201760,Besifloxacin,N[C@@H]1CCCCN(C1)c2c(F)cc3C(=O)C(=CN(C4CC4)c3c2Cl)C(=O)O,393.84600000000023,3.144700000000001,True
CHEMBL15677,Fenclofenac,OC(=O)Cc1ccccc1Oc2ccc(Cl)cc2Cl,297.13699999999994,4.4128000000000025,True
CHEMBL806,Flutamide,CC(C)C(=O)Nc1ccc(c(c1)C(F)(F)F)[N+](=O)[O-],276.214,3.2081000000000017,False
CHEMBL1491306,Benzylthiouracil,Oc1cc(Cc2ccccc2)nc(S)n1,218.281,2.0616999999999996,False
CHEMBL1463345,Canrenone,C[C@]12CCC(=O)C=C1C=C[C@@H]3[C@@H]2CC[C@@]4(C)[C@H]3CC[C@@]45CCC(=O)O5,340.46300000000014,4.370100000000003,False
CHEMBL1198857,Vilanterol,OCc1cc(ccc1O)[C@@H](O)CNCCCCCCOCCOCc2c(Cl)cccc2Cl,486.43600000000026,4.608100000000004,False
CHEMBL1037,Guanadrel,NC(=N)NCC1COC2(CCCCC2)O1,213.28099999999992,0.5452699999999997,False
CHEMBL1454,Levamisole,C1CN2C[C@@H](N=C2S1)c3ccccc3,204.298,2.1460999999999997,False
CHEMBL1510,Eletriptan,CN1CCC[C@@H]1Cc2c[nH]c3ccc(CCS(=O)(=O)c4ccccc4)cc23,382.5290000000001,3.8210000000000024,False
CHEMBL1201338,Cyclopentolate,CN(C)CCOC(=O)C(c1ccccc1)C2(O)CCCC2,291.39100000000013,2.1801000000000004,False
CHEMBL1597,Dimercaprol,OCC(S)CS,124.23,0.20690000000000003,False
CHEMBL341812,Ibufenac,CC(C)Cc1ccc(CC(=O)O)cc1,192.25799999999998,2.5122,True
CHEMBL499,Timolol,CC(C)(C)NC[C@H](O)COc1nsnc1N2CCOCC2,316.4270000000002,0.5024999999999997,False
CHEMBL1771,Clopidogrel,COC(=O)[C@@H](N1CCc2sccc2C1)c3ccccc3Cl,321.82900000000006,3.6739000000000024,False
CHEMBL49,Buspirone,O=C1CC2(CCCC2)CC(=O)N1CCCCN3CCN(CC3)c4ncccn4,385.5120000000001,2.0881999999999996,False
CHEMBL1278,Naratriptan,CNS(=O)(=O)CCc1ccc2[nH]cc(C3CCN(C)CC3)c2c1,335.4730000000001,2.0687999999999995,False
CHEMBL267744,Ticrynafen,OC(=O)COc1ccc(C(=O)c2cccs2)c(Cl)c1Cl,331.17600000000004,3.7493000000000016,True
CHEMBL1501,Fluocinonide,CC(=O)OCC(=O)[C@@]12OC(C)(C)O[C@@H]1C[C@H]3[C@@H]4C[C@H](F)C5=CC(=O)C=C[C@]5(C)[C@@]4(F)[C@@H](O)C[C@]23C,494.53100000000023,2.9376000000000015,False
CHEMBL940,Gabapentin,NCC1(CC(=O)O)CCCCC1,171.23999999999992,1.3702999999999994,True
CHEMBL1289926,Axitinib,CNC(=O)c1ccccc1Sc2ccc3c(\C=C\c4ccccn4)n[nH]c3c2,386.48,4.639100000000004,False
CHEMBL1744,Phendimetrazine,CC1C(OCCN1C)c2ccccc2,191.27400000000003,2.0782,False
CHEMBL70927,Deferiprone,CN1C=CC(=O)C(=C1C)O,139.154,0.39931999999999995,False
CHEMBL934,Metyrapone,CC(C)(C(=O)c1cccnc1)c2cccnc2,226.279,2.637100000000001,False
CHEMBL186,Cefepime,CO\N=C(/C(=O)N[C@H]1[C@H]2SCC(=C(N2C1=O)C(=O)[O-])C[N+]3(C)CCCC3)\c4csc(N)n4,480.5720000000003,-1.2798999999999958,False
CHEMBL1483,Albendazole,CCCSc1ccc2nc(NC(=O)OC)[nH]c2c1,265.33799999999997,3.2433000000000005,False
CHEMBL1005,Remifentanil,CCC(=O)N(c1ccccc1)C2(CCN(CCC(=O)OC)CC2)C(=O)OC,376.45300000000015,2.0002999999999997,False
CHEMBL1256,Isoflurane,FC(F)OC(Cl)C(F)(F)F,184.49099999999996,2.3528000000000002,False
CHEMBL1619,Cladribine,Nc1nc(Cl)nc2c1ncn2[C@H]3C[C@H](O)[C@@H](CO)O3,285.69100000000003,-0.29740000000000044,False
CHEMBL1279,Frovatriptan,CN[C@@H]1CCc2[nH]c3ccc(cc3c2C1)C(=O)N,243.30999999999997,1.3435,False
CHEMBL231068,Flibanserin,FC(F)(F)c1cccc(c1)N2CCN(CCN3C(=O)Nc4ccccc34)CC2,390.4090000000001,3.170600000000001,False
CHEMBL887,Rasagiline,C#CCN[C@@H]1CCc2ccccc12,171.243,1.8967,False
CHEMBL1389,Levonorgestrel,CC[C@]12CC[C@H]3[C@@H](CCC4=CC(=O)CC[C@H]34)[C@@H]1CC[C@@]2(O)C#C,312.45300000000003,3.8826000000000027,False
CHEMBL3187365,Asenapine,CN1CC2C(C1)c3cc(Cl)ccc3Oc4ccccc24,285.774,4.258500000000003,False
CHEMBL1472,Protirelin,NC(=O)[C@@H]1CCCN1C(=O)[C@H](Cc2cnc[nH]2)NC(=O)[C@@H]3CCC(=O)N3,362.3900000000002,-1.808099999999996,False
CHEMBL1172,Desloratadine,Clc1ccc2C(=C3CCNCC3)c4ncccc4CCc2c1,310.8280000000001,4.018900000000003,False
CHEMBL1418176,Metandienone,C[C@]1(O)CC[C@H]2[C@@H]3CCC4=CC(=O)C=C[C@]4(C)[C@H]3CC[C@]12C,300.4420000000001,4.045300000000004,False
CHEMBL1218,Ramelteon,CCC(=O)NCC[C@@H]1CCc2ccc3OCCc3c12,259.34899999999993,2.5676000000000005,False
CHEMBL1539,Sulfadoxine,COc1ncnc(NS(=O)(=O)c2ccc(N)cc2)c1OC,310.33500000000004,0.8768,False
CHEMBL660,Amantadine,NC12CC3CC(CC(C3)C1)C2,151.253,1.9139,False
CHEMBL445,Nortriptyline,CNCCC=C1c2ccccc2CCc3ccccc13,263.38399999999996,3.826400000000003,False
CHEMBL1763,Hydroflumethiazide,NS(=O)(=O)c1cc2c(NCNS2(=O)=O)cc1C(F)(F)F,331.297,0.014100000000000501,False
CHEMBL941,Imatinib,CN1CCN(Cc2ccc(cc2)C(=O)Nc3ccc(C)c(Nc4nccc(n4)c5cccnc5)c3)CC1,493.61500000000024,4.590320000000004,False
CHEMBL945,Amiloride,NC(=N)NC(=O)c1nc(Cl)c(N)nc1N,229.63099999999997,-1.0823299999999998,False
CHEMBL925,Tyrosine,N[C@@H](Cc1ccc(O)cc1)C(=O)O,181.19099999999997,0.3466,True
CHEMBL1200953,Hydrocortisone Butyrate Propionate,CCCC(=O)O[C@@]1(CC[C@H]2[C@@H]3CCC4=CC(=O)CC[C@]4(C)[C@H]3[C@@H](O)C[C@]12C)C(=O)COC(=O)CC,488.6210000000004,4.093500000000003,False
CHEMBL1988479,Etallobarbital,CCC1(CC=C)C(=O)NC(=O)NC1=O,196.206,0.3249000000000001,False
CHEMBL2105689,Luliconazole,Clc1ccc([C@@H]2CS\C(=C(\C#N)/n3ccnc3)\S2)c(Cl)c1,354.28700000000003,5.060880000000003,False
CHEMBL1186610,Anisotropine Methylbromide,CCCC(CCC)C(=O)O[C@H]1C[C@H]2CC[C@@H](C1)[N+]2(C)C,282.448,3.5158000000000023,False
CHEMBL642,Acebutolol,CCCC(=O)Nc1ccc(OCC(O)CNC(C)C)c(c1)C(=O)C,336.4320000000001,2.3655,False
CHEMBL634,Alfentanil,CCN1N=NN(CCN2CCC(COC)(CC2)N(C(=O)CC)c3ccccc3)C1=O,416.5260000000001,1.3839000000000006,False
CHEMBL569,Procaine,CCN(CC)CCOC(=O)c1ccc(N)cc1,236.315,1.7673999999999999,False
CHEMBL1621,Paliperidone,CC1=C(CCN2CCC(CC2)c3noc4cc(F)ccc34)C(=O)N5CCCC(O)C5=N1,426.4920000000002,3.081320000000002,False
CHEMBL1077896,Ropivacaine,CCCN1CCCC[C@H]1C(=O)Nc2c(C)cccc2C,274.408,3.5064400000000013,False
CHEMBL191,Losartan,CCCCc1nc(Cl)c(CO)n1Cc2ccc(cc2)c3ccccc3c4nn[nH]n4,422.9200000000001,4.2668000000000035,False
CHEMBL684,Diethylcarbamazine,CCN(CC)C(=O)N1CCN(C)CC1,199.29799999999994,0.6956,False
CHEMBL84,Topotecan,CC[C@@]1(O)C(=O)OCC2=C1C=C3N(Cc4cc5c(CN(C)C)c(O)ccc5nc34)C2=O,421.45300000000015,1.8468,False
CHEMBL1790041,Ranitidine,CNC(=C[N+](=O)[O-])NCCSCc1oc(CN(C)C)cc1,314.411,1.4589999999999996,False
CHEMBL609,Trientine,NCCNCCNCCN,146.238,-1.916999999999998,False
CHEMBL1201356,Methylergometrine,CC[C@@H](CO)NC(=O)[C@H]1CN(C)[C@@H]2Cc3c[nH]c4cccc(C2=C1)c34,339.4390000000001,1.9247000000000003,False
CHEMBL1865134,Sodium Dibunate,CC(C)(C)c1ccc2c(c(ccc2c1)C(C)(C)C)S(=O)(=O)O,320.454,4.681500000000004,False
CHEMBL2010601,Ivacaftor,CC(C)(C)c1cc(c(NC(=O)C2=CNc3ccccc3C2=O)cc1O)C(C)(C)C,392.4990000000002,5.081000000000004,False
CHEMBL579205,Flutemetamol F-18,CNc1ccc(cc1F)c2nc3ccc(O)cc3s2,274.32,3.8497000000000003,False
CHEMBL592,Levorphanol,CN1CC[C@]23CCCC[C@H]2[C@H]1Cc4ccc(O)cc34,257.377,3.080400000000002,False
CHEMBL2105527,Tetrazepam,CN1C(=O)CN=C(C2=CCCCC2)c3cc(Cl)ccc13,288.77799999999996,3.6059000000000028,False
CHEMBL3707340,Tribromometacresol,Cc1c(Br)cc(Br)c(O)c1Br,344.82800000000003,3.9881200000000008,False
CHEMBL3707366,Alanyl Glutamine,C[C@H](N)C(=O)N[C@@H](CCC(=O)N)C(=O)O,217.22499999999997,-1.8314999999999975,True
CHEMBL13376,Clometacin,COc1ccc2c(C(=O)c3ccc(Cl)cc3)c(C)n(CC(=O)O)c2c1,357.7930000000001,3.9273200000000026,True
CHEMBL1474889,Clobutinol,CC(CN(C)C)C(C)(O)Cc1ccc(Cl)cc1,255.789,2.831200000000001,False
CHEMBL1140,Niacinamide,NC(=O)c1cccnc1,122.12699999999997,0.18050000000000016,False
CHEMBL374731,Telbivudine,CC1=CN([C@@H]2C[C@@H](O)[C@H](CO)O2)C(=O)NC1=O,242.23099999999997,-1.5142799999999992,False
CHEMBL455,Sulfacetamide,CC(=O)NS(=O)(=O)c1ccc(N)cc1,214.246,0.0935999999999998,False
CHEMBL425,Olsalazine,OC(=O)c1cc(ccc1O)N=Nc2ccc(O)c(c2)C(=O)O,302.242,2.9096,True
CHEMBL494753,Estropipate,C[C@]12CC[C@H]3[C@@H](CCc4cc(OS(=O)(=O)O)ccc34)[C@@H]1CCC2=O,350.43600000000015,3.293400000000002,False
CHEMBL240597,Chenodeoxycholic Acid,C[C@H](CCC(=O)O)[C@H]1CC[C@H]2[C@@H]3[C@H](O)C[C@@H]4C[C@H](O)CC[C@]4(C)[C@H]3CC[C@]12C,392.5800000000002,4.477900000000004,True
CHEMBL1055,Chlortalidone,NS(=O)(=O)c1cc(ccc1Cl)C2(O)NC(=O)c3ccccc23,338.7720000000001,0.9242000000000007,False
CHEMBL1079604,Metaxalone,Cc1cc(C)cc(OCC2CNC(=O)O2)c1,221.256,1.7906399999999998,False
CHEMBL1788404,Bephenium,C[N+](C)(CCOc1ccccc1)Cc2ccccc2,256.36899999999997,3.3420000000000023,False
CHEMBL1200694,Sevoflurane,FCOC(C(F)(F)F)C(F)(F)F,200.05299999999997,2.4232000000000005,False
CHEMBL594,Emedastine,CCOCCn1c(nc2ccccc12)N3CCCN(C)CC3,302.4220000000001,2.2146999999999997,False
CHEMBL710,Finasteride,CC(C)(C)NC(=O)[C@H]1CC[C@H]2[C@@H]3CC[C@H]4NC(=O)C=C[C@]4(C)[C@H]3CC[C@]12C,372.55300000000017,3.8145000000000024,False
CHEMBL1456,Mycophenolate mofetil,COc1c(C)c2COC(=O)c2c(O)c1C\C=C(/C)\CCC(=O)OCCN3CCOCC3,433.5010000000004,2.524020000000001,False
CHEMBL406,Indapamide,CC1Cc2ccccc2N1NC(=O)c3ccc(Cl)c(c3)S(=O)(=O)N,365.84200000000004,2.0834,False
CHEMBL1571,Testolactone,C[C@]12CC[C@H]3[C@@H](CCC4=CC(=O)C=C[C@]34C)[C@@H]1CCC(=O)O2,300.3980000000001,3.5899000000000028,False
CHEMBL621,Trazodone,Clc1cccc(c1)N2CCN(CCCN3N=C4C=CC=CN4C3=O)CC2,371.87200000000007,2.3617,False
CHEMBL692,Glycerin,OCC(O)CO,92.09400000000001,-1.6681000000000001,False
CHEMBL72,Desipramine,CNCCCN1c2ccccc2CCc3ccccc13,266.388,3.5328000000000026,False
CHEMBL87493,Fenfluramine,CCNC(C)Cc1cccc(c1)C(F)(F)F,231.26099999999997,3.2459000000000024,False
CHEMBL42,Clozapine,CN1CCN(CC1)C2=Nc3cc(Cl)ccc3Nc4ccccc24,326.8310000000001,3.7227000000000023,False
CHEMBL1773,Capecitabine,CCCCCOC(=O)NC1=NC(=O)N(C=C1F)[C@@H]2O[C@H](C)[C@@H](O)[C@H]2O,359.35400000000004,0.7602,False
CHEMBL223228,Efavirenz,FC(F)(F)[C@]1(OC(=O)Nc2ccc(Cl)cc12)C#CC3CC3,315.6780000000001,4.073100000000002,False
CHEMBL20,Acetazolamide,CC(=O)Nc1nnc(s1)S(=O)(=O)N,222.251,-0.8561000000000003,False
CHEMBL513,Carmustine,ClCCNC(=O)N(CCCl)N=O,214.05199999999996,1.157,False
CHEMBL723,Carvedilol,COc1ccccc1OCCNCC(O)COc2cccc3[nH]c4ccccc4c23,406.482,3.738000000000002,False
CHEMBL278020,Neostigmine,CN(C)C(=O)Oc1cccc(c1)[N+](C)(C)C,223.29599999999996,1.9437,False
CHEMBL1274,Nilutamide,CC1(C)NC(=O)N(C1=O)c2ccc(c(c2)C(F)(F)F)[N+](=O)[O-],317.223,2.4484000000000004,False
CHEMBL1308,Fomepizole,Cc1cn[nH]c1,82.106,0.7181199999999999,False
CHEMBL1542,Azathioprine,Cn1cnc(c1Sc2ncnc3nc[nH]c23)[N+](=O)[O-],277.26900000000006,1.1457999999999997,False
CHEMBL667,Acetylcholine chloride,CC(=O)OCC[N+](C)(C)C,146.21,0.25570000000000004,False
CHEMBL86715,Procyclidine,OC(CCN1CCCC1)(C2CCCCC2)c3ccccc3,287.44699999999995,3.940400000000003,False
CHEMBL1201269,Chlorphentermine,CC(C)(N)Cc1ccc(Cl)cc1,183.682,2.6198000000000006,False
CHEMBL301265,Pramipexole,CCCN[C@H]1CCc2nc(N)sc2C1,211.33399999999997,1.5822,False
CHEMBL1697760,Muzolimine,CC(N1N=C(N)CC1=O)c2ccc(Cl)c(Cl)c2,272.135,2.5589000000000004,False
CHEMBL526,Propofol,CC(C)c1cccc(C(C)C)c1O,178.27499999999995,3.6390000000000025,False
CHEMBL533,Ibutilide,CCCCCCCN(CC)CCCC(O)c1ccc(NS(=O)(=O)C)cc1,384.58600000000007,4.164000000000003,False
CHEMBL1208642,Sodium Thiosulfate,OS(=O)(=S)O,114.14699999999998,-0.3213,False
CHEMBL1243,Sulfabenzamide,Nc1ccc(cc1)S(=O)(=O)NC(=O)c2ccccc2,276.317,1.3875,False
CHEMBL407,Flumazenil,CCOC(=O)c1ncn2c1CN(C)C(=O)c3cc(F)ccc23,303.293,1.7736999999999998,False
CHEMBL1200622,Paricalcitol,C[C@H](\C=C\[C@H](C)C(C)(C)O)[C@H]1CC[C@H]2\C(=C\C=C3C[C@@H](O)C[C@H](O)C3)\CCC[C@]12C,416.6460000000003,5.560600000000008,False
CHEMBL443,Acetylsulfamethoxazole,Cc1onc(NS(=O)(=O)c2ccc(N)cc2)c1,253.28300000000002,1.36602,False
CHEMBL1201134,Lubiprostone,CCCCC(F)(F)[C@@]1(O)CC[C@@H]2[C@@H](CCCCCCC(=O)O)C(=O)C[C@H]2O1,390.4670000000002,4.3099000000000025,True
CHEMBL1201286,Oxyphenonium Bromide,CC[N+](C)(CC)CCOC(=O)C(O)(C1CCCCC1)c2ccccc2,348.50700000000006,3.4841000000000015,False
CHEMBL760,Anagrelide,Clc1ccc2N=C3NC(=O)CN3Cc2c1Cl,256.092,1.9263,False
CHEMBL2048484,Canagliflozin,Cc1ccc(cc1Cc2ccc(s2)c3ccc(F)cc3)[C@@H]4O[C@H](CO)[C@@H](O)[C@H](O)[C@H]4O,444.5240000000001,2.9683200000000025,False
CHEMBL1651906,Streptozocin,CN(N=O)C(=O)N[C@H]1C(O)O[C@H](CO)[C@@H](O)[C@@H]1O,265.222,-2.8909,False
CHEMBL3707216,4-Dimethylaminophenol,CN(C)c1ccc(O)cc1,137.18199999999996,1.4582,False
CHEMBL268869,Sulfamethoxypyridazine,COc1ccc(NS(=O)(=O)c2ccc(N)cc2)nn1,280.30899999999997,0.8681999999999999,False
CHEMBL1200617,Rimexolone,CCC(=O)[C@@]1(C)[C@H](C)C[C@H]2[C@@H]3CCC4=CC(=O)C=C[C@]4(C)[C@H]3[C@@H](O)C[C@]12C,370.53300000000013,4.496500000000005,False
CHEMBL272485,Dibutyl Phthalate,CCCCOC(=O)c1ccccc1C(=O)OCCCC,278.348,3.600400000000003,False
CHEMBL1594,Pantothenic acid,CC(C)(CO)[C@@H](O)C(=O)NCCC(=O)O,219.23699999999997,-1.0432999999999995,True
CHEMBL495,Alprostadil,CCCCC[C@H](O)\C=C\[C@H]1[C@H](O)CC(=O)[C@@H]1CCCCCCC(=O)O,354.48700000000014,3.475100000000002,True
CHEMBL485259,Eucalyptol,CC12CCC(CC1)C(C)(C)O2,154.253,2.7441000000000013,False
CHEMBL1201012,Fludroxycortide,CC1(C)O[C@@H]2C[C@H]3[C@@H]4C[C@H](F)C5=CC(=O)CC[C@]5(C)[C@H]4[C@@H](O)C[C@]3(C)[C@@]2(O1)C(=O)CO,436.5200000000002,2.498700000000001,False
CHEMBL1356238,Pyrithione Zinc,[O-][n+]1ccccc1S,127.16799999999999,0.6087000000000002,False
CHEMBL1165342,Vincamine,CC[C@@]12CCCN3CCc4c([C@H]13)n(c5ccccc45)[C@](O)(C2)C(=O)OC,354.45000000000016,2.9525000000000015,False
CHEMBL1200623,Ethylestrenol,CC[C@]1(O)CC[C@H]2[C@@H]3CCC4=CCCC[C@@H]4[C@H]3CC[C@]12C,288.475,5.090300000000005,False
CHEMBL1614644,Imipraminoxide,C[N+](C)([O-])CCCN1c2ccccc2CCc3ccccc13,296.41400000000004,3.8876000000000026,False
CHEMBL1159650,Clobetasol,CCC(=O)O[C@@]1([C@@H](C)C[C@H]2[C@@H]3CCC4=CC(=O)C=C[C@]4(C)[C@@]3(F)[C@@H](O)C[C@]12C)C(=O)CCl,466.9770000000002,4.103100000000004,False
CHEMBL1324,Tolcapone,Cc1ccc(cc1)C(=O)c2cc(O)c(O)c(c2)[N+](=O)[O-],273.244,2.545420000000002,False
CHEMBL220492,Topiramate,CC1(C)O[C@@H]2CO[C@@]3(COS(=O)(=O)N)OC(C)(C)O[C@H]3[C@@H]2O1,339.3660000000001,-0.3953999999999982,False
CHEMBL803,Cytarabine,NC1=NC(=O)N(C=C1)[C@@H]2O[C@H](CO)[C@@H](O)[C@@H]2O,243.219,-2.5629999999999993,False
CHEMBL766,Cilastatin,CC1(C)C[C@@H]1C(=O)N\C(=C/CCCCSC[C@H](N)C(=O)O)\C(=O)O,358.46000000000004,1.4326000000000003,True
CHEMBL1201216,Dapiprazole,Cc1ccccc1N2CCN(CCc3nnc4CCCCn34)CC2,325.4600000000001,2.2875200000000007,False
CHEMBL2,Prazosin,COc1cc2nc(nc(N)c2cc1OC)N3CCN(CC3)C(=O)c4occc4,383.40800000000013,1.7845999999999997,False
CHEMBL1495,Oxyphencyclimine,CN1CCCN=C1COC(=O)C(O)(C2CCCCC2)c3ccccc3,344.45500000000004,2.731700000000001,False
CHEMBL1079,Tizanidine,Clc1ccc2nsnc2c1NC3=NCCN3,253.718,1.7157999999999993,False
CHEMBL765,Guanethidine,NC(=N)NCCN1CCCCCCC1,198.31399999999994,0.7355699999999996,False
CHEMBL446,Sulfadimidine,Cc1cc(C)nc(NS(=O)(=O)c2ccc(N)cc2)n1,278.337,1.4764399999999998,False
CHEMBL6,Indometacin,COc1ccc2c(c1)c(CC(=O)O)c(C)n2C(=O)c3ccc(Cl)cc3,357.793,3.9273200000000026,True
CHEMBL53,Apomorphine,CN1CCc2cccc3c2[C@H]1Cc4ccc(O)c(O)c34,267.328,2.8499000000000025,False
CHEMBL502,Donepezil,COc1cc2CC(CC3CCN(Cc4ccccc4)CC3)C(=O)c2cc1OC,379.5000000000002,4.361100000000004,False
CHEMBL1460,Didanosine,OC[C@@H]1CC[C@@H](O1)n2cnc3C(=O)NC=Nc23,236.23100000000002,-0.21050000000000008,False
CHEMBL1098319,Mesna,OS(=O)(=O)CCS,142.201,-0.19599999999999984,False
CHEMBL61,Podofilox,COc1cc(cc(OC)c1OC)[C@H]2[C@@H]3[C@H](COC3=O)[C@@H](O)c4cc5OCOc5cc24,414.4100000000002,2.4092000000000002,False
CHEMBL1200666,Calcipotriene,C[C@H](\C=C\[C@@H](O)C1CC1)[C@H]2CC[C@H]3\C(=C\C=C/4\C[C@@H](O)C[C@H](O)C4=C)\CCC[C@]23C,412.61400000000026,5.090600000000005,False
CHEMBL497,Clioquinol,Oc1c(I)cc(Cl)c2cccnc12,305.502,3.1984000000000004,False
CHEMBL1200821,Propyliodone,CCCOC(=O)CN1C=C(I)C(=O)C(=C1)I,447.01000000000005,2.0107,False
CHEMBL1200600,Fluorometholone,C[C@H]1C[C@H]2[C@@H]3CC[C@](O)(C(=O)C)[C@@]3(C)C[C@H](O)[C@]2(F)[C@@]4(C)C=CC(=O)C=C14,376.46800000000013,2.923300000000001,False
CHEMBL1201864,Dienogest,C[C@]12CCC3=C4CCC(=O)C=C4CC[C@H]3[C@@H]1CC[C@@]2(O)CC#N,311.425,3.8371800000000027,False
CHEMBL152,Cidofovir,NC1=NC(=O)N(C[C@@H](CO)OCP(=O)(O)O)C=C1,279.18899999999996,-1.6617999999999997,False
CHEMBL98,Vorinostat,ONC(=O)CCCCCCC(=O)Nc1ccccc1,264.325,2.4711,False
CHEMBL409,Bicalutamide,CC(O)(CS(=O)(=O)c1ccc(F)cc1)C(=O)Nc2ccc(C#N)c(c2)C(F)(F)F,430.3790000000001,2.8795800000000016,False
CHEMBL720,Benzyl alcohol,OCc1ccccc1,108.13999999999997,1.1789,False
CHEMBL196,Ascorbic Acid,OC[C@H](O)[C@H]1OC(=O)C(=C1O)O,176.124,-1.4074,False
CHEMBL1549,Hydrocortisone cypionate,C[C@]12CCC(=O)C=C1CC[C@H]3[C@@H]4CC[C@](O)(C(=O)COC(=O)CCC5CCCC5)[C@@]4(C)C[C@H](O)[C@H]23,486.64900000000046,4.302900000000005,False
CHEMBL982,Nalmefene,Oc1ccc2C[C@H]3N(CC4CC4)CC[C@@]56[C@@H](Oc1c25)C(=C)CC[C@@]36O,339.4350000000002,2.5125000000000015,False
CHEMBL1200359,Sulfameter,COc1cnc(NS(=O)(=O)c2ccc(N)cc2)nc1,280.30899999999997,0.8681999999999999,False
CHEMBL1065,Methysergide,CC[C@@H](CO)NC(=O)[C@H]1CN(C)[C@@H]2Cc3cn(C)c4cccc(C2=C1)c34,353.46600000000007,1.9351,False
CHEMBL89598,Vigabatrin,NC(CCC(=O)O)C=C,129.15899999999996,0.3645,True
CHEMBL127,Meropenem,C[C@@H](O)[C@@H]1[C@H]2[C@@H](C)C(=C(N2C1=O)C(=O)O)S[C@@H]3CN[C@@H](C3)C(=O)N(C)C,383.47000000000014,-0.30799999999999805,True
CHEMBL1201336,Fosphenytoin,OP(=O)(O)OCN1C(=O)NC(C1=O)(c2ccccc2)c3ccccc3,362.2780000000001,1.5488,False
CHEMBL1185,Zolmitriptan,CN(C)CCc1c[nH]c2ccc(C[C@H]3COC(=O)N3)cc12,287.36299999999994,1.9229,False
CHEMBL376359,Alogliptin,CN1C(=O)C=C(N2CCC[C@@H](N)C2)N(Cc3ccccc3C#N)C1=O,339.39900000000006,0.3944800000000006,False
CHEMBL644,Trimipramine,CC(CN(C)C)CN1c2ccccc2CCc3ccccc13,294.442,4.121000000000003,False
CHEMBL631,Propafenone,CCCNCC(O)COc1ccccc1C(=O)CCc2ccccc2,341.4510000000001,3.2414000000000023,False
CHEMBL1413,Ciclopirox,CC1=CC(=O)N(O)C(=C1)C2CCCCC2,207.27299999999994,2.44172,False
CHEMBL15770,Sulindac,C[S+]([O-])c1ccc(\C=C/2\C(=C(CC(=O)O)c3cc(F)ccc23)C)cc1,356.418,4.3655000000000035,True
CHEMBL134,Clonidine,Clc1cccc(Cl)c1NC2=NCCN2,230.09799999999998,2.3644999999999996,False
CHEMBL1228,Oxyphenbutazone,CCCCC1C(=O)N(N(C1=O)c2ccc(O)cc2)c3ccccc3,324.38000000000005,3.493400000000002,False
CHEMBL31,Gatifloxacin,COc1c(N2CCNC(C)C2)c(F)cc3C(=O)C(=CN(C4CC4)c13)C(=O)O,375.40000000000015,1.9804,True
CHEMBL14687,Propanol,CCCO,60.096,0.3887,False
CHEMBL52,Masoprocol,CC(Cc1ccc(O)c(O)c1)C(C)Cc2ccc(O)c(O)c2,302.37,3.5664000000000033,False
CHEMBL416956,Mefloquine,OC(C1CCCCN1)c2cc(nc3c(cccc23)C(F)(F)F)C(F)(F)F,378.316,4.447900000000002,False
CHEMBL985,Urea,NC(=O)N,60.056,-0.9762,False
CHEMBL130,Chloramphenicol,OC[C@@H](NC(=O)C(Cl)Cl)[C@H](O)c1ccc(cc1)[N+](=O)[O-],323.13200000000006,0.909,False
CHEMBL1752,Diprophylline,CN1C(=O)N(C)c2ncn(CC(O)CO)c2C1=O,254.24599999999995,-2.2130999999999985,False
CHEMBL1405,Estrone,C[C@]12CC[C@H]3[C@@H](CCc4cc(O)ccc34)[C@@H]1CCC2=O,270.372,3.817400000000003,False
CHEMBL1463,Flucytosine,NC1=C(F)C=NC(=O)N1,129.094,-0.5088000000000001,False
CHEMBL1238,Azelaic Acid,OC(=O)CCCCCCCC(=O)O,188.22299999999998,1.8863,True
CHEMBL193,Nifedipine,COC(=O)C1=C(C)NC(=C(C1c2ccccc2[N+](=O)[O-])C(=O)OC)C,346.33900000000017,2.1756,False
CHEMBL917,Floxuridine,OC[C@H]1O[C@H](C[C@@H]1O)N2C=C(F)C(=O)NC2=O,246.19399999999996,-1.6835999999999995,False
CHEMBL1187,Phosphoric acid,OP(=O)(O)O,97.99399999999999,-0.9286000000000001,False
CHEMBL1201217,Dyclonine,CCCCOc1ccc(cc1)C(=O)CCN2CCCCC2,289.41900000000004,3.9242000000000026,False
CHEMBL959,Rimantadine,CC(N)C12CC3CC(CC(C3)C1)C2,179.30699999999996,2.5500000000000007,False
CHEMBL461101,Eltrombopag,CC1=NN(C(=O)/C/1=N\Nc2cccc(c2O)c3cccc(c3)C(=O)O)c4ccc(C)c(C)c4,442.47500000000025,4.564840000000003,True
CHEMBL1201212,Midodrine,COc1ccc(OC)c(c1)C(O)CNC(=O)CN,254.28599999999997,-0.1878999999999994,False
CHEMBL1196,Proxymetacaine,CCCOc1ccc(cc1N)C(=O)OCCN(CC)CC,294.395,2.5562000000000005,False
CHEMBL1201250,Benzquinamide,CCN(CC)C(=O)C1CN2CCc3cc(OC)c(OC)cc3C2CC1OC(=O)C,404.5070000000002,2.423,False
CHEMBL1201772,Prasugrel,CC(=O)Oc1cc2CN(CCc2s1)C(C(=O)C3CC3)c4ccccc4F,373.4490000000001,3.8910000000000036,False
CHEMBL1377,Proguanil,CC(C)NC(=N)NC(=N)Nc1ccc(Cl)cc1,253.73700000000002,2.209039999999999,False
CHEMBL238804,Selexipag,CC(C)N(CCCCOCC(=O)NS(=O)(=O)C)c1cnc(c2ccccc2)c(n1)c3ccccc3,496.6330000000002,3.8980000000000032,False
CHEMBL198362,Rivaroxaban,Clc1ccc(s1)C(=O)NC[C@H]2CN(C(=O)O2)c3ccc(cc3)N4CCOCC4=O,435.88900000000024,2.5199,False
CHEMBL898,Diflunisal,OC(=O)c1cc(ccc1O)c2ccc(F)cc2F,250.19999999999996,3.0356000000000005,True
CHEMBL1441,Ethionamide,CCc1cc(ccn1)C(=S)N,166.24899999999997,1.2782,False
CHEMBL1200522,Avobenzone,COc1ccc(cc1)C(=O)CC(=O)c2ccc(cc2)C(C)(C)C,310.39300000000003,4.448400000000004,False
CHEMBL1043,Dapsone,Nc1ccc(cc1)S(=O)(=O)c2ccc(N)cc2,248.307,1.6838000000000002,False
CHEMBL483254,Panobinostat,Cc1[nH]c2ccccc2c1CCNCc3ccc(\C=C\C(=O)NO)cc3,349.43399999999997,3.3272200000000014,False
CHEMBL1738990,Levopropoxyphene,CCC(=O)O[C@](Cc1ccccc1)([C@@H](C)CN(C)C)c2ccccc2,339.47900000000004,4.275500000000004,False
CHEMBL505,Chlorphenamine,CN(C)CCC(c1ccc(Cl)cc1)c2ccccn2,274.795,3.8186000000000027,False
CHEMBL1108,Droperidol,Fc1ccc(cc1)C(=O)CCCN2CCC(=CC2)N3C(=O)Nc4ccccc34,379.435,3.6784000000000017,False
CHEMBL658,Sufentanil,CCC(=O)N(c1ccccc1)C2(COC)CCN(CCc3cccs3)CC2,386.56100000000015,4.214800000000004,False
CHEMBL438,Sulfamerazine,Cc1ccnc(NS(=O)(=O)c2ccc(N)cc2)n1,264.31,1.16802,False
CHEMBL783,Nateglinide,CC(C)[C@@H]1CC[C@H](CC1)C(=O)N[C@H](Cc2ccccc2)C(=O)O,317.4290000000001,3.2609000000000012,True
CHEMBL1482,Bethanechol chloride,CC(C[N+](C)(C)C)OC(=O)N,161.22499999999997,0.17640000000000045,False
CHEMBL1200975,Clocortolone Pivalate,C[C@@H]1C[C@H]2[C@@H]3C[C@H](F)C4=CC(=O)C=C[C@]4(C)[C@@]3(Cl)[C@@H](O)C[C@]2(C)[C@H]1C(=O)COC(=O)C(C)(C)C,495.03100000000035,4.595100000000004,False
CHEMBL53292,Isoxicam,CN1C(=C(O)c2ccccc2S1(=O)=O)C(=O)Nc3cc(C)on3,335.34100000000007,1.48242,False
CHEMBL1580,Pentostatin,OC[C@H]1O[C@H](C[C@@H]1O)n2cnc3[C@H](O)CNC=Nc23,268.273,-1.1797999999999997,False
CHEMBL1201302,Dexamethasone Sodium Phosphate,C[C@@H]1C[C@H]2[C@@H]3CCC4=CC(=O)C=C[C@]4(C)[C@@]3(F)[C@@H](O)C[C@]2(C)[C@@]1(O)C(=O)COP(=O)(O)O,472.44600000000025,2.0127000000000006,False
CHEMBL1437,Norepinephrine,NC[C@H](O)c1ccc(O)c(O)c1,169.17999999999998,0.08989999999999998,False
CHEMBL682,Amodiaquine,CCN(CC)Cc1cc(Nc2ccnc3cc(Cl)ccc23)ccc1O,355.8690000000001,5.179200000000004,False
CHEMBL95889,Betaine HCl,C[N+](C)(C)CC(=O)O,118.15599999999998,-0.22280000000000016,True
CHEMBL6622,Isosorbide Dinitrate,[O-][N+](=O)O[C@H]1CO[C@@H]2[C@@H](CO[C@H]12)O[N+](=O)[O-],236.13599999999997,-1.0622000000000003,False
CHEMBL1200559,Lactic Acid,CC(O)C(=O)O,90.07799999999999,-0.5482,True
CHEMBL181,Diazoxide,CC1=NS(=O)(=O)c2cc(Cl)ccc2N1,230.67600000000002,1.8726,False
CHEMBL94081,Alclofenac,OC(=O)Cc1ccc(OCC=C)c(Cl)c1,226.65899999999996,2.531900000000001,True
CHEMBL1201109,Desonide,CC1(C)O[C@@H]2C[C@H]3[C@@H]4CCC5=CC(=O)C=C[C@]5(C)[C@H]4[C@@H](O)C[C@]3(C)[C@@]2(O1)C(=O)CO,416.51400000000024,2.326700000000001,False
CHEMBL781,Mazindol,OC1(N2CCN=C2c3ccccc13)c4ccc(Cl)cc4,284.74600000000004,2.6092000000000004,False
CHEMBL850,Sparfloxacin,C[C@@H]1CN(C[C@H](C)N1)c2c(F)c(N)c3C(=O)C(=CN(C4CC4)c3c2F)C(=O)O,392.4060000000001,2.0816,True
CHEMBL1098,Bupivacaine,CCCCN1CCCCC1C(=O)Nc2c(C)cccc2C,288.43500000000006,3.8965400000000026,False
CHEMBL1581,Perindopril,CCC[C@H](N[C@@H](C)C(=O)N1[C@H]2CCCC[C@H]2C[C@H]1C(=O)O)C(=O)OCC,368.4740000000001,1.9405999999999999,True
CHEMBL1738,Dexrazoxane,C[C@@H](CN1CC(=O)NC(=O)C1)N2CC(=O)NC(=O)C2,268.27299999999997,-2.708299999999996,False
CHEMBL707,Doxazosin,COc1cc2nc(nc(N)c2cc1OC)N3CCN(CC3)C(=O)C4COc5ccccc5O4,451.48300000000023,1.7177999999999995,False
CHEMBL45024,Vitamin U,C[S+](C)CC[C@H](N)C(=O)O,164.25,-0.3336999999999995,True
CHEMBL504,Dimethyl Sulfoxide,C[S+](C)[O-],78.136,-0.005299999999999971,False
CHEMBL1455,Altretamine,CN(C)c1nc(nc(n1)N(C)C)N(C)C,210.285,0.0696000000000001,False
CHEMBL1789941,Ruxolitinib,N#CC[C@H](C1CCCC1)n2cc(cn2)c3ncnc4[nH]ccc34,306.37300000000005,3.466380000000002,False
CHEMBL1106,Epinastine,NC1=NCC2N1c3ccccc3Cc4ccccc24,249.31699999999998,2.4668,False
CHEMBL2107175,Ranelic Acid,OC(=O)CN(CC(=O)O)c1sc(C(=O)O)c(CC(=O)O)c1C#N,342.28500000000014,-0.07931999999999922,True
CHEMBL86,Metoclopramide,CCN(CC)CCNC(=O)c1cc(Cl)c(N)cc1OC,299.8020000000001,2.0023999999999997,False
CHEMBL201960,Pyrovalerone,CCCC(N1CCCC1)C(=O)c2ccc(C)cc2,245.366,3.4422200000000025,False
CHEMBL2426701,,CC1=CC(=O)[C@H]2C[C@@H]1C2(C)C,150.22099999999998,2.1776999999999997,False
CHEMBL1204644,Fosfocreatine,CN(CC(=O)O)C(=N)NP(=O)(O)O,211.11399999999998,-1.3801300000000003,True
CHEMBL1560,Captopril,C[C@H](CS)C(=O)N1CCC[C@H]1C(=O)O,217.28999999999996,0.6279000000000001,True
CHEMBL1200436,Oxandrolone,C[C@]1(O)CC[C@H]2[C@@H]3CC[C@H]4CC(=O)OC[C@]4(C)[C@H]3CC[C@]12C,306.4460000000001,3.5431000000000026,False
CHEMBL1200660,Isosorbide,O[C@@H]1CO[C@@H]2[C@@H](O)CO[C@H]12,146.142,-1.4942000000000004,False
CHEMBL877,Tranexamic acid,NC[C@@H]1CC[C@H](CC1)C(=O)O,157.213,0.8361000000000001,True
CHEMBL189963,Palbociclib,CC(=O)C1=C(C)c2cnc(Nc3ccc(cn3)N4CCNCC4)nc2N(C5CCCC5)C1=O,447.54300000000035,2.965820000000001,False
CHEMBL189,Milrinone,CC1=C(C=C(C#N)C(=O)N1)c2ccncc2,211.22400000000002,1.6169999999999998,False
CHEMBL517712,Atropine,CN1[C@@H]2CC[C@H]1C[C@H](C2)OC(=O)C(CO)c3ccccc3,289.375,1.9309,False
CHEMBL580,Lorazepam,OC1N=C(c2ccccc2Cl)c3cc(Cl)ccc3NC1=O,321.163,3.101300000000001,False
CHEMBL1200853,Dydrogesterone,CC(=O)[C@H]1CC[C@H]2[C@@H]3C=CC4=CC(=O)CC[C@@]4(C)[C@@H]3CC[C@]12C,312.4530000000001,4.499500000000004,False
CHEMBL1201207,Betamethasone Sodium Phosphate,C[C@H]1C[C@H]2[C@@H]3CCC4=CC(=O)C=C[C@]4(C)[C@@]3(F)[C@@H](O)C[C@]2(C)[C@@]1(O)C(=O)COP(=O)(O)O,472.44600000000025,2.0127000000000006,False
CHEMBL973,Teriflunomide,C\C(=C(/C#N)\C(=O)Nc1ccc(cc1)C(F)(F)F)\O,270.21,2.999480000000001,False
CHEMBL1201341,Echothiophate Iodide,CCOP(=O)(OCC)SCC[N+](C)(C)C,256.328,2.6069000000000004,False
CHEMBL1734,Solifenacin,O=C(O[C@H]1CN2CCC1CC2)N3CCc4ccccc4[C@@H]3c5ccccc5,362.47300000000007,3.864900000000003,False
CHEMBL41,Fluoxetine,CNCCC(Oc1ccc(cc1)C(F)(F)F)c2ccccc2,309.33099999999996,4.435000000000003,False
CHEMBL668,Protriptyline,CNCCCC1c2ccccc2C=Cc3ccccc13,263.384,4.301900000000003,False
CHEMBL779,Tadalafil,CN1CC(=O)N2[C@H](Cc3c([nH]c4ccccc34)[C@H]2c5ccc6OCOc6c5)C1=O,389.41100000000023,2.2112999999999996,False
CHEMBL734,Acetohydroxamic acid,CC(=O)NO,75.067,-0.4882999999999999,False
CHEMBL99946,Levomilnacipran,CCN(CC)C(=O)[C@]1(C[C@H]1CN)c2ccccc2,246.354,1.7713999999999996,False
CHEMBL55,Pentamidine,NC(=N)c1ccc(OCCCCCOc2ccc(cc2)C(=N)N)cc1,340.42699999999996,2.8828400000000007,False
CHEMBL1909285,Nitrefazole,Cc1nc(cn1c2ccc(cc2)[N+](=O)[O-])[N+](=O)[O-],248.19799999999998,1.99712,False
CHEMBL1234886,Oxygen,O=O,31.998,0.067,False
CHEMBL1509,Drospirenone,C[C@]12CCC(=O)C=C1[C@@H]3C[C@@H]3[C@@H]4[C@@H]2CC[C@@]5(C)[C@H]4[C@@H]6C[C@@H]6[C@@]57CCC(=O)O7,366.5010000000002,4.305900000000004,False
CHEMBL1448,Niclosamide,Oc1ccc(Cl)cc1C(=O)Nc2ccc(cc2Cl)[N+](=O)[O-],327.1230000000001,3.8595000000000006,False
CHEMBL711,Phenindione,O=C1C(C(=O)c2ccccc12)c3ccccc3,222.243,2.849400000000001,False
CHEMBL1540,Penciclovir,Nc1nc(O)c2ncn(CCC(CO)CO)c2n1,253.26199999999994,-0.895,False
CHEMBL1316,Carprofen,CC(C(=O)O)c1ccc2c(c1)[nH]c3ccc(Cl)cc23,273.719,4.162600000000002,True
CHEMBL939,Gefitinib,COc1cc2ncnc(Nc3ccc(F)c(Cl)c3)c2cc1OCCCN4CCOCC4,446.9100000000004,4.275600000000003,False
CHEMBL476,Dacarbazine,CN(C)N=Nc1[nH]cnc1C(=O)N,182.18699999999998,0.06890000000000013,False
CHEMBL936,Difenidol,OC(CCCN1CCCCC1)(c2ccccc2)c3ccccc3,309.45300000000003,4.188600000000004,False
CHEMBL1522,Eszopiclone,CN1CCN(CC1)C(=O)O[C@@H]2N(C(=O)c3nccnc23)c4ccc(Cl)cn4,388.8150000000001,1.568,False
CHEMBL1190,Decamethonium Bromide,C[N+](C)(C)CCCCCCCCCC[N+](C)(C)C,258.4939999999999,3.5196000000000023,False
CHEMBL70,Morphine,CN1CC[C@]23[C@H]4Oc5c(O)ccc(C[C@@H]1[C@@H]2C=C[C@@H]4O)c35,285.343,1.1981,False
CHEMBL288470,Aminophenazone,CN(C)C1=C(C)N(C)N(C1=O)c2ccccc2,231.299,1.55042,False
CHEMBL571,Ketoprofen,CC(C(=O)O)c1cccc(c1)C(=O)c2ccccc2,254.285,3.1057000000000015,True
CHEMBL1027,Tiagabine,Cc1ccsc1C(=CCCN2CCC[C@H](C2)C(=O)O)c3sccc3C,375.559,5.044840000000004,True
CHEMBL911,Zolpidem,CN(C)C(=O)Cc1c(nc2ccc(C)cn12)c3ccc(C)cc3,307.39700000000005,3.248840000000002,False
CHEMBL1101,Biperiden,OC(CCN1CCCCC1)(C2CC3CC2C=C3)c4ccccc4,311.469,3.9624000000000033,False
CHEMBL428,Trovafloxacin,N[C@@H]1[C@H]2CN(C[C@@H]12)c3nc4N(C=C(C(=O)O)C(=O)c4cc3F)c5ccc(F)cc5F,416.3590000000001,1.8945,True
CHEMBL1089,Phenelzine,NNCCc1ccccc1,136.19799999999998,0.6923999999999992,False
CHEMBL2105760,Brexpiprazole,O=C1Nc2cc(OCCCCN3CCN(CC3)c4cccc5sccc45)ccc2C=C1,433.57700000000006,4.724000000000005,False
CHEMBL741,Lamotrigine,Nc1nnc(c(N)n1)c2cccc(Cl)c2Cl,256.096,2.0097999999999994,False
CHEMBL1168,Ramipril,CCOC(=O)[C@H](CCc1ccccc1)N[C@@H](C)C(=O)N2[C@H]3CCC[C@H]3C[C@H]2C(=O)O,416.5180000000003,2.3831999999999995,True
CHEMBL814,Fluvoxamine,COCCCC\C(=N/OCCN)\c1ccc(cc1)C(F)(F)F,318.339,3.201500000000001,False
CHEMBL1200907,Trilostane,C[C@]12CC[C@H]3[C@@H](CC[C@@]45O[C@@H]4C(=C(C[C@]35C)C#N)O)[C@@H]1CC[C@@H]2O,329.44000000000005,3.466880000000002,False
CHEMBL177591,Dimethylcarbate,CN(C)C(=O)O,89.09399999999998,0.22600000000000003,True
CHEMBL953,Entacapone,CCN(CC)C(=O)\C(=C\c1cc(O)c(O)c(c1)[N+](=O)[O-])\C#N,305.2900000000001,1.7813800000000002,False
CHEMBL931,Halothane,FC(F)(F)C(Cl)Br,197.381,2.5084999999999997,False
CHEMBL661,Alprazolam,Cc1nnc2CN=C(c3ccccc3)c4cc(Cl)ccc4n12,308.77200000000005,3.5801200000000026,False
CHEMBL1373,Modafinil,NC(=O)C[S+]([O-])C(c1ccccc1)c2ccccc2,273.357,2.01,False
CHEMBL2104993,Vortioxetine,Cc1ccc(Sc2ccccc2N3CCNCC3)c(C)c1,298.4550000000001,3.8642400000000023,False
CHEMBL1051,Latanoprost,CC(C)OC(=O)CCC\C=C/C[C@H]1[C@@H](O)C[C@@H](O)[C@@H]1CC[C@@H](O)CCc2ccccc2,432.6010000000002,4.1864000000000035,False
CHEMBL1685,Dezocine,C[C@@]12CCCCC[C@@H](Cc3ccc(O)cc13)[C@@H]2N,245.366,3.113600000000001,False
CHEMBL421,Salazosulfapyridine,OC(=O)c1cc(ccc1O)N=Nc2ccc(cc2)S(=O)(=O)Nc3ccccn3,398.4000000000001,3.7016000000000018,True
CHEMBL1117,Idarubicin,C[C@@H]1O[C@H](C[C@H](N)[C@@H]1O)O[C@H]2C[C@@](O)(Cc3c(O)c4C(=O)c5ccccc5C(=O)c4c(O)c23)C(=O)C,497.5000000000003,1.020299999999999,False
CHEMBL385517,Saxagliptin,N[C@H](C(=O)N1[C@@H](C[C@@H]2C[C@H]12)C#N)C34CC5CC(CC(O)(C5)C3)C4,315.4170000000001,1.1579799999999993,False
CHEMBL1908307,Flosequinan,CN1C=C([S+](C)[O-])C(=O)c2ccc(F)cc12,239.271,1.4150000000000003,False
CHEMBL2105233,Proxibarbal,CC(O)CC1(CC=C)C(=O)NC(=O)NC1=O,226.232,-0.3142000000000002,False
CHEMBL2103822,Tasimelteon,CCC(=O)NC[C@@H]1C[C@H]1c2cccc3OCCc23,245.32199999999995,2.2512,False
CHEMBL2110588,Eliglustat,CCCCCCCC(=O)N[C@H](CN1CCCC1)[C@H](O)c2ccc3OCCOc3c2,404.55100000000016,3.4323000000000023,False
CHEMBL1621597,Ipratropium Bromide,CC(C)[N+]1(C)[C@@H]2CC[C@H]1C[C@H](C2)OC(=O)C(CO)c3ccccc3,332.464,2.8541000000000016,False
CHEMBL1235931,Calcium Levulinate,CC(=O)CCC(=O)O,116.11599999999999,0.4402,True
CHEMBL1230762,Aluminium Acetoacetate,CC(=O)CC(=O)O,102.08899999999998,0.05009999999999998,True
CHEMBL434394,Nebivolol,OC(CNCC(O)C1CCc2cc(F)ccc2O1)C3CCc4cc(F)ccc4O3,405.44100000000014,2.363600000000001,False
CHEMBL498,Chlorpropamide,CCCNC(=O)NS(=O)(=O)c1ccc(Cl)cc1,276.745,1.7379,False
CHEMBL1201231,Prednisolone Sodium Phosphate,C[C@]12C[C@H](O)[C@H]3[C@@H](CCC4=CC(=O)C=C[C@]34C)[C@@H]1CC[C@]2(O)C(=O)COP(=O)(O)O,440.42900000000026,1.6745999999999999,False
CHEMBL1200865,Loteprednol,CCOC(=O)O[C@@]1(CC[C@H]2[C@@H]3CCC4=CC(=O)C=C[C@]4(C)[C@H]3[C@@H](O)C[C@]12C)C(=O)OCCl,466.9580000000002,3.9165000000000028,False
CHEMBL1201268,Hyoscine Methobromide,C[N+]1(C)[C@H]2C[C@@H](C[C@H]1[C@H]3O[C@@H]23)OC(=O)[C@H](CO)c4ccccc4,318.393,1.0626999999999998,False
CHEMBL1201313,Clofedanol,CN(C)CCC(O)(c1ccccc1)c2ccccc2Cl,289.80600000000004,3.5276000000000023,False
CHEMBL1998966,Pifoxime,C\C(=N/O)\c1ccc(OCC(=O)N2CCCCC2)cc1,276.3359999999999,2.2761000000000005,False
CHEMBL2064047,Tidiacic,OC(=O)C1CSC(N1)C(=O)O,177.181,-0.8132999999999999,True
CHEMBL511142,Buprenorphine,CO[C@@]12CC[C@@]3(C[C@@H]1[C@](C)(O)C(C)(C)C)[C@H]4Cc5ccc(O)c6O[C@@H]2[C@]3(CCN4CC7CC7)c56,467.6500000000003,4.413800000000004,False
CHEMBL2111101,Pimavanserin,CC(C)COc1ccc(CNC(=O)N(Cc2ccc(F)cc2)C3CCN(C)CC3)cc1,427.5640000000002,4.6665000000000045,False
CHEMBL3707367,2-,OCCOc1ccc(Cl)cc1,172.611,1.7110999999999998,False
CHEMBL3707389,Amino,NC(CCCN1C(=O)NC(C1=O)(c2ccccc2)c3ccccc3)C(=O)O,367.4050000000001,1.6741,True
CHEMBL1175,Duloxetine,CNCC[C@H](Oc1cccc2ccccc12)c3cccs3,297.423,4.630900000000003,False
CHEMBL423,Betaxolol,CC(C)NCC(O)COc1ccc(CCOCC2CC2)cc1,307.434,2.3933999999999997,False
CHEMBL1189679,Palonosetron,O=C1N(C[C@H]2CCCc3cccc1c23)[C@@H]4CN5CCC4CC5,296.41400000000004,2.656500000000001,False
CHEMBL2079611,Hydroquinine,CCC1CN2CCC1CC2[C@H](O)c3ccnc4ccc(OC)cc34,326.4400000000001,3.3972000000000024,False
CHEMBL1201235,Homatropine Methylbromide,C[N+]1(C)[C@@H]2CC[C@H]1C[C@H](C2)OC(=O)C(O)c3ccccc3,290.383,2.033,False
CHEMBL360328,Lorcaserin,C[C@H]1CNCCc2ccc(Cl)cc12,195.69299999999998,2.589200000000001,False
CHEMBL2311071,Vinyl chloride,ClC=C,62.499,1.3687,False
CHEMBL313833,Tranylcypromine,NC1CC1c2ccccc2,133.194,1.5011999999999999,False
CHEMBL1173655,Afatinib,CN(C)C\C=C\C(=O)Nc1cc2c(Nc3ccc(F)c(Cl)c3)ncnc2cc1O[C@H]4CCOC4,485.94700000000023,4.389900000000002,False
CHEMBL977,Hydrocortisone Hemisuccinate,C[C@]12CCC(=O)C=C1CC[C@H]3[C@@H]4CC[C@](O)(C(=O)COC(=O)CCC(=O)O)[C@@]4(C)C[C@H](O)[C@H]23,462.5390000000003,2.1973000000000003,True
CHEMBL1201335,Glycopyrronium,C[N+]1(C)CCC(C1)OC(=O)C(O)(C2CCCC2)c3ccccc3,318.43699999999995,2.4562999999999997,False
CHEMBL154,Naproxen,COc1ccc2cc(ccc2c1)[C@H](C)C(=O)O,230.26299999999998,3.036500000000001,True
CHEMBL853,Zalcitabine,NC1=NC(=O)N(C=C1)[C@H]2CC[C@@H](CO)O2,211.22099999999995,-0.5046000000000008,False
CHEMBL643,Promethazine,CC(CN1c2ccccc2Sc3ccccc13)N(C)C,284.428,4.239400000000003,False
CHEMBL726,Fluphenazine,OCCN1CCN(CCCN2c3ccccc3Sc4ccc(cc24)C(F)(F)F)CC1,437.5310000000002,4.308100000000003,False
CHEMBL205596,Cholic acid,C[C@H](CCC(=O)O)[C@H]1CC[C@H]2[C@@H]3[C@H](O)C[C@@H]4C[C@H](O)CC[C@]4(C)[C@H]3C[C@H](O)[C@]12C,408.5790000000002,3.4487000000000023,True
CHEMBL328875,Aminomethylbenzoic Acid,NCc1ccc(cc1)C(=O)O,151.16499999999996,0.8435000000000001,True
CHEMBL1201266,Lodoxamide,OC(=O)C(=O)Nc1cc(cc(NC(=O)C(=O)O)c1Cl)C#N,311.63700000000006,0.25787999999999967,True
CHEMBL716,Quetiapine,OCCOCCN1CCN(CC1)C2=Nc3ccccc3Sc4ccccc24,383.5170000000001,2.8560000000000016,False
CHEMBL623,Nefazodone,CCC1=NN(CCCN2CCN(CC2)c3cccc(Cl)c3)C(=O)N1CCOc4ccccc4,470.0170000000002,3.5519000000000025,False
CHEMBL2105581,Veralipride,COc1cc(cc(C(=O)NCC2CCCN2CC=C)c1OC)S(=O)(=O)N,383.47000000000014,0.7314000000000014,False
CHEMBL1200542,Desoxycorticosterone Acetate,CC(=O)OCC(=O)[C@H]1CC[C@H]2[C@@H]3CCC4=CC(=O)CC[C@]4(C)[C@H]3CC[C@]12C,372.5050000000002,4.266700000000004,False
CHEMBL653,Nizatidine,CN\C(=C/[N+](=O)[O-])\NCCSCc1csc(CN(C)C)n1,331.4670000000001,1.3224999999999998,False
CHEMBL317052,Regadenoson,CNC(=O)c1cnn(c1)c2nc(N)c3ncn([C@@H]4O[C@H](CO)[C@@H](O)[C@H]4O)c3n2,390.3600000000001,-2.434699999999998,False
CHEMBL1018,Dienestrol,C\C=C(\C(=C\C)\c1ccc(O)cc1)/c2ccc(O)cc2,266.34,4.604600000000004,False
CHEMBL2105345,Propanidid,CCCOC(=O)Cc1ccc(OCC(=O)N(CC)CC)c(OC)c1,337.41600000000005,2.4381000000000004,False
CHEMBL1085,Acetophenazine,CC(=O)c1ccc2Sc3ccccc3N(CCCN4CCN(CCO)CC4)c2c1,411.57100000000025,3.491900000000003,False
CHEMBL129,Zidovudine,CC1=CN([C@H]2C[C@H](N=[N+]=[N-])[C@@H](CO)O2)C(=O)NC1=O,267.245,-0.19628000000000012,False
CHEMBL1350,Tiludronic Acid,OP(=O)(O)C(Sc1ccc(Cl)cc1)P(=O)(O)O,318.61100000000005,2.0711000000000013,False
CHEMBL572,Nitrofurantoin,[O-][N+](=O)c1oc(\C=N\N2CC(=O)NC2=O)cc1,238.159,0.07349999999999995,False
CHEMBL1474963,Benzarone,CCc1oc2ccccc2c1C(=O)c3ccc(O)cc3,266.29599999999994,3.9318000000000026,False
CHEMBL1200545,Diflorasone,C[C@H]1C[C@H]2[C@@H]3C[C@H](F)C4=CC(=O)C=C[C@]4(C)[C@@]3(F)[C@@H](O)C[C@]2(C)[C@@]1(OC(=O)C)C(=O)COC(=O)C,494.5310000000004,2.9853000000000014,False
CHEMBL802,Minoxidil,Nc1cc(nc(N)[n+]1[O-])N2CCCCC2,209.25299999999996,-0.1303000000000003,False
CHEMBL863,Cysteine,N[C@@H](CS)C(=O)O,121.16099999999997,-0.6719000000000002,True
CHEMBL204656,Elvitegravir,COc1cc2N(C=C(C(=O)O)C(=O)c2cc1Cc3cccc(Cl)c3F)[C@H](CO)C(C)C,447.89000000000016,4.281000000000003,True
CHEMBL485,Codeine,COc1ccc2C[C@@H]3[C@@H]4C=C[C@H](O)[C@@H]5Oc1c2[C@]45CCN3C,299.37000000000006,1.5011,False
CHEMBL1577,Methyclothiazide,CN1C(CCl)Nc2cc(Cl)c(cc2S1(=O)=O)S(=O)(=O)N,360.24400000000014,0.5983000000000003,False
CHEMBL861,Mephenytoin,CCC1(NC(=O)N(C)C1=O)c2ccccc2,218.256,1.4735000000000003,False
CHEMBL1399,Anastrozole,CC(C)(C#N)c1cc(Cn2cncn2)cc(c1)C(C)(C)C#N,293.374,2.9287600000000014,False
CHEMBL1532,Quinethazone,CCC1NC(=O)c2cc(c(Cl)cc2N1)S(=O)(=O)N,289.7440000000001,0.8788,False
CHEMBL1229211,Dolutegravir,C[C@@H]1CCO[C@H]2CN3C=C(C(=O)NCc4ccc(F)cc4F)C(=O)C(=C3C(=O)N12)O,419.3840000000002,1.3528,False
CHEMBL1144,Pravastatin,CC[C@H](C)C(=O)O[C@H]1C[C@H](O)C=C2C=C[C@H](C)[C@H](CC[C@@H](O)C[C@@H](O)CC(=O)O)[C@@H]12,424.5340000000002,2.4404000000000003,True
CHEMBL58323,Erlosamide,COC[C@@H](NC(=O)C)C(=O)NCc1ccccc1,250.298,0.4539000000000007,False
CHEMBL830,Eflornithine,NCCCC(N)(C(F)F)C(=O)O,182.17,-0.22749999999999987,True
CHEMBL427,Chlormethine,CN(CCCl)CCCl,156.056,1.3958,False
CHEMBL1193,Pheniramine,CN(C)CCC(c1ccccc1)c2ccccn2,240.35000000000002,3.1652000000000013,False
CHEMBL1201203,Benzatropine,CN1[C@@H]2CC[C@H]1C[C@H](C2)OC(c3ccccc3)c4ccccc4,307.437,4.417800000000004,False
CHEMBL1110,Alosetron,Cc1[nH]cnc1CN2CCc3c(C2=O)c4ccccc4n3C,294.35800000000006,2.4083200000000007,False
CHEMBL626,Naftifine,CN(C\C=C\c1ccccc1)Cc2cccc3ccccc23,287.406,4.985000000000004,False
CHEMBL979,Meprobamate,CCCC(C)(COC(=O)N)COC(=O)N,218.25299999999996,0.9834000000000003,False
CHEMBL1184360,Diamthazole,CCN(CC)CCOc1ccc2nc(sc2c1)N(C)C,293.43600000000004,3.0829000000000013,False
CHEMBL539,Acetic Acid,CC(=O)O,60.05200000000001,0.09089999999999993,True
CHEMBL1239,Benzyl benzoate,O=C(OCc1ccccc1)c2ccccc2,212.248,3.0436000000000014,False
CHEMBL420,Guanabenz,NC(=N)N\N=C\c1c(Cl)cccc1Cl,231.086,1.8103700000000003,False
CHEMBL1064,Simvastatin,CCC(C)(C)C(=O)O[C@H]1C[C@@H](C)C=C2C=C[C@H](C)[C@H](CC[C@@H]3C[C@@H](O)CC(=O)O3)[C@@H]12,418.57400000000024,4.585600000000005,False
CHEMBL1505,Almotriptan,CN(C)CCc1c[nH]c2ccc(CS(=O)(=O)N3CCCC3)cc12,335.4730000000002,2.1975999999999996,False
CHEMBL1576,Ethinamate,NC(=O)OC1(CCCCC1)C#C,167.208,1.4178,False
CHEMBL117785,Tetrabenazine,COc1cc2CCN3CC(CC(C)C)C(=O)CC3c2cc1OC,317.4290000000001,3.238100000000002,False
CHEMBL777,Clavulanic Acid,OC\C=C\1/O[C@@H]2CC(=O)N2[C@H]1C(=O)O,199.16199999999998,-1.0956000000000004,True
CHEMBL477,Adenosine,Nc1ncnc2c1ncn2[C@@H]3O[C@H](CO)[C@@H](O)[C@H]3O,267.245,-1.9800000000000006,False
CHEMBL252518,Artenimol,C[C@@H]1CC[C@H]2[C@@H](C)[C@@H](O)O[C@@H]3O[C@]4(C)CC[C@@H]1[C@@]23OO4,284.352,2.1867,False
CHEMBL3707255,Epomediol,CC1(C)OC2(C)C(O)CC1CC2O,186.25099999999998,0.6857,False
CHEMBL3707258,Diiodohydroxypropane,OC(CI)CI,311.888,1.2173,False
CHEMBL110691,Chlormadinone,CC(=O)O[C@@]1(CC[C@H]2[C@@H]3C=C(Cl)C4=CC(=O)CC[C@]4(C)[C@H]3CC[C@]12C)C(=O)C,404.93400000000025,4.751700000000005,False
CHEMBL1111,Ambrisentan,COC([C@H](Oc1nc(C)cc(C)n1)C(=O)O)(c2ccccc2)c3ccccc3,378.42800000000005,3.515640000000002,True
CHEMBL2220442,Fluvastatin,CC(C)n1c(\C=C\C(O)CC(O)CC(=O)O)c(c2ccc(F)cc2)c3ccccc13,411.473,4.628100000000003,True
CHEMBL1900528,Tiotropium Bromide,C[N+]1(C)[C@@H]2C[C@H](C[C@H]1[C@@H]3O[C@H]23)OC(=O)C(O)(c4cccs4)c5cccs5,392.52200000000005,2.345700000000001,False
CHEMBL686,Mefenamic acid,Cc1cccc(Nc2ccccc2C(=O)O)c1C,241.29,3.7452400000000017,True
CHEMBL64,Isoniazid,NNC(=O)c1ccncc1,137.142,-0.3149000000000006,False
CHEMBL1071,Oxaprozin,OC(=O)CCc1oc(c2ccccc2)c(n1)c3ccccc3,293.32200000000006,4.025800000000003,True
CHEMBL3707346,Fluoromethylcholine,C[N+](C)(C)CCOCF,136.19,0.6361999999999999,False
CHEMBL3707212,Gestonorone,CC(=O)[C@@]1(O)CC[C@H]2[C@@H]3CCC4=CC(=O)CC[C@@H]4[C@H]3CC[C@]12C,316.44100000000003,3.4483000000000024,False
CHEMBL405,Amfetamine,CC(N)Cc1ccccc1,135.20999999999998,1.5763,False
CHEMBL1200909,Prednisolone Butylacetate,CC(C)(C)CC(=O)OCC(=O)[C@@]1(O)CC[C@H]2[C@@H]3CCC4=CC(=O)C=C[C@]4(C)[C@H]3[C@@H](O)C[C@]12C,458.5950000000002,3.5447000000000024,False
CHEMBL1395,Methyltestosterone,C[C@]1(O)CC[C@H]2[C@@H]3CCC4=CC(=O)CC[C@]4(C)[C@H]3CC[C@]12C,302.4580000000001,4.269300000000004,False
CHEMBL459,Methyldopa,C[C@](N)(Cc1ccc(O)c(O)c1)C(=O)O,211.21699999999998,0.4423000000000001,True
CHEMBL43452,Pomalidomide,Nc1cccc2C(=O)N(C3CCC(=O)NC3=O)C(=O)c12,273.248,-0.33,False
CHEMBL389621,Hydrocortisone,C[C@]12CCC(=O)C=C1CC[C@H]3[C@@H]4CC[C@](O)(C(=O)CO)[C@@]4(C)C[C@H](O)[C@H]23,362.4660000000001,1.7815999999999999,False
CHEMBL1519,Indolapril,CCOC(=O)[C@H](CCc1ccccc1)N[C@@H](C)C(=O)N2[C@H]3CCCC[C@@H]3C[C@H]2C(=O)O,430.54500000000036,2.7733,True
CHEMBL3707239,Etofylline Nicotinate,CN1C(=O)N(C)c2ncn(CCOC(=O)c3cccnc3)c2C1=O,329.31600000000003,-0.3143000000000016,False
CHEMBL1467,Allopurinol,O=C1NC=Nc2[nH]ncc12,136.114,-0.35380000000000006,False
CHEMBL972,Selegiline,C[C@H](Cc1ccccc1)N(C)CC#C,187.28599999999994,2.1826,False
CHEMBL1201192,Armodafinil,NC(=O)C[S+]([O-])C(c1ccccc1)c2ccccc2,273.357,2.01,False
CHEMBL568,Oxazepam,OC1N=C(c2ccccc2)c3cc(Cl)ccc3NC1=O,286.718,2.4478999999999997,False
CHEMBL1200468,Malathion,CCOC(=O)CC(SP(=S)(OC)OC)C(=O)OCC,330.3640000000001,2.1218000000000004,False
CHEMBL85,Risperidone,CC1=C(CCN2CCC(CC2)c3noc4cc(F)ccc34)C(=O)N5CCCCC5=N1,410.4930000000002,3.5904200000000026,False
CHEMBL13,Metoprolol,COCCc1ccc(OCC(O)CNC(C)C)cc1,267.36899999999997,1.6132,False
CHEMBL137,Metronidazole,Cc1ncc([N+](=O)[O-])n1CCO,171.15599999999998,0.09201999999999994,False
CHEMBL15841,Ethyl Parahydroxybenzoate,CCOC(=O)c1ccc(O)cc1,166.176,1.5689,False
CHEMBL1201139,Megestrol,CC(=O)O[C@@]1(CC[C@H]2[C@@H]3C=C(C)C4=CC(=O)CC[C@]4(C)[C@H]3CC[C@]12C)C(=O)C,384.5160000000002,4.575300000000004,False
CHEMBL698,Amethocaine,CCCCNc1ccc(cc1)C(=O)OCCN(C)C,264.36899999999997,2.617000000000001,False
CHEMBL1073,Glipizide,Cc1cnc(cn1)C(=O)NCCc2ccc(cc2)S(=O)(=O)NC(=O)NC3CCCCC3,445.54500000000024,2.0781199999999993,False
CHEMBL1201129,Decitabine,NC1=NC(=O)N(C=N1)[C@H]2C[C@H](O)[C@@H](CO)O2,228.20799999999997,-2.1388,False
CHEMBL636,Rivastigmine,CCN(C)C(=O)Oc1cccc(c1)[C@H](C)N(C)C,250.34199999999998,2.7597000000000014,False
CHEMBL271227,Abiraterone Acetate,CC(=O)O[C@H]1CC[C@]2(C)[C@H]3CC[C@@]4(C)[C@@H](CC=C4c5cccnc5)[C@@H]3CC=C2C1,391.5550000000001,5.9694000000000065,False
CHEMBL174,Ampicillin,CC1(C)S[C@@H]2[C@H](NC(=O)[C@H](N)c3ccccc3)C(=O)N2[C@H]1C(=O)O,349.4120000000001,0.3181000000000002,True
CHEMBL946,Azatadine,CN1CCC(=C2c3ccccc3CCc4cccnc24)CC1,290.4100000000001,3.7077000000000027,False
CHEMBL3707205,,CC[N+](C)(CC)CCOC(c1ccccc1)c2ccccc2,298.45000000000005,4.2790000000000035,False
CHEMBL1200689,Nitric Oxide,O=[N],30.006,-0.44710000000000005,False
CHEMBL473159,Phloroglucinol,Oc1cc(O)cc(O)c1,126.11099999999996,0.8033999999999999,False
CHEMBL727,Thioguanine,NC1=Nc2[nH]cnc2C(=S)N1,167.197,0.59769,False
CHEMBL24778,Silodosin,C[C@H](Cc1cc2CCN(CCCO)c2c(c1)C(=O)N)NCCOc3ccccc3OCC(F)(F)F,495.5420000000002,3.0711000000000013,False
CHEMBL1200714,Chlormezanone,CN1C(c2ccc(Cl)cc2)S(=O)(=O)CCC1=O,273.741,1.6155,False
CHEMBL746,Nedocromil,CCCc1c2OC(=CC(=O)c2cc3C(=O)C=C(N(CC)c13)C(=O)O)C(=O)O,371.3450000000001,2.4766999999999997,True
CHEMBL1491,Amlodipine,CCOC(=O)C1=C(COCCN)NC(=C(C1c2ccccc2Cl)C(=O)OC)C,408.8820000000001,2.2663,False
CHEMBL862,Guanfacine,NC(=N)NC(=O)Cc1c(Cl)cccc1Cl,246.097,1.5455700000000003,False
CHEMBL2110990,Sulfogaiacol,COc1cc(ccc1O)S(=O)(=O)O,204.20299999999997,0.6475,False
CHEMBL1201328,Carfenazine,CCC(=O)c1ccc2Sc3ccccc3N(CCCN4CCN(CCO)CC4)c2c1,425.59800000000035,3.8820000000000032,False
CHEMBL3137301,Sacubitril,CCOC(=O)[C@H](C)C[C@@H](Cc1ccc(cc1)c2ccccc2)NC(=O)CCC(=O)O,411.49800000000016,3.8350000000000017,True
CHEMBL1162,Norethindrone,C[C@]12CC[C@H]3[C@@H](CCC4=CC(=O)CC[C@H]34)[C@@H]1CC[C@@]2(O)C#C,298.426,3.4925000000000024,False
CHEMBL273575,Nomifensine,CN1CC(c2ccccc2)c3cccc(N)c3C1,238.33399999999997,2.8461000000000007,False
CHEMBL1201308,Iofetamine,CC(C)NC(C)Cc1ccc(I)cc1,303.187,3.220200000000002,False
CHEMBL651,Methadone,CCC(=O)C(CC(C)N(C)C)(c1ccccc1)c2ccccc2,309.45300000000003,4.292000000000004,False
CHEMBL521,Ibuprofen,CC(C)Cc1ccc(cc1)C(C)C(=O)O,206.28499999999997,3.073200000000001,True
CHEMBL1201,Thiothixene,CN(C)S(=O)(=O)c1ccc2Sc3ccccc3\C(=C\CCN4CCN(C)CC4)\c2c1,443.6380000000004,3.4707000000000026,False
CHEMBL1697856,Bucetin,CCOc1ccc(NC(=O)CC(C)O)cc1,223.272,1.7946999999999997,False
CHEMBL1224,Acrivastine,Cc1ccc(cc1)\C(=C/CN2CCCC2)\c3cccc(\C=C\C(=O)O)n3,348.446,4.015320000000003,True
CHEMBL1088,Mesoridazine,CN1CCCCC1CCN2c3ccccc3Sc4ccc(cc24)[S+](C)[O-],386.5860000000001,4.901100000000005,False
CHEMBL524004,Mepenzolate bromide,C[N+]1(C)CCCC(C1)OC(=O)C(O)(c2ccccc2)c3ccccc3,340.44300000000004,2.7045000000000003,False
CHEMBL628,Oxpentifylline,CN1C(=O)N(CCCCC(=O)C)C(=O)c2c1ncn2C,278.312,0.19299999999999962,False
CHEMBL446143,Ornithine,NCCC[C@H](N)C(=O)O,132.163,-0.8627999999999991,True
CHEMBL818,Iobenguane Sulfate,NC(=N)NCc1cccc(I)c1,275.09299999999996,1.27427,False
CHEMBL1201265,Methylprednisolone Hemisuccinate,C[C@H]1C[C@H]2[C@@H]3CC[C@](O)(C(=O)COC(=O)CCC(=O)O)[C@@]3(C)C[C@H](O)[C@@H]2[C@@]4(C)C=CC(=O)C=C14,474.5500000000002,2.2192999999999996,True
CHEMBL1046,Aminocaproic Acid,NCCCCCC(=O)O,131.175,0.5901000000000001,True
CHEMBL527,Piroxicam,CN1C(=C(O)c2ccccc2S1(=O)=O)C(=O)Nc3ccccn3,331.353,1.5810000000000002,False
CHEMBL885,Emtricitabine,NC1=NC(=O)N(C=C1F)[C@@H]2CS[C@H](CO)O2,247.25099999999998,-0.45500000000000024,False
CHEMBL93047,Ethadione,CCN1C(=O)OC(C)(C)C1=O,157.16899999999995,0.7637,False
CHEMBL32,Moxifloxacin,COc1c(N2C[C@@H]3CCCN[C@@H]3C2)c(F)cc4C(=O)C(=CN(C5CC5)c14)C(=O)O,401.4380000000002,2.3705,True
CHEMBL1148,Torasemide,CC(C)NC(=O)NS(=O)(=O)c1cnccc1Nc2cccc(C)c2,348.42800000000005,2.5299200000000006,False
CHEMBL502135,Xylose,O[C@@H]1COC(O)[C@H](O)[C@H]1O,150.13,-2.5823000000000005,False
CHEMBL1077,Bromfenac,Nc1c(CC(=O)O)cccc1C(=O)c2ccc(Br)cc2,334.169,2.889400000000001,True
CHEMBL848,Lenalidomide,Nc1cccc2C(=O)N(Cc12)C3CCC(=O)NC3=O,259.265,0.029799999999999882,False
CHEMBL450,Metharbital,CCC1(CC)C(=O)NC(=O)N(C)C1=O,198.22199999999998,0.5009999999999999,False
CHEMBL1187846,Scopolamine,CN1[C@@H]2C[C@H](C[C@H]1[C@@H]3O[C@@H]23)OC(=O)[C@H](CO)c4ccccc4,303.358,0.9180999999999993,False
CHEMBL3707371,Hydroxyethylpromethazine,CC(CN1c2ccccc2Sc3ccccc13)[N+](C)(C)CCO,329.4890000000001,3.7465000000000033,False
CHEMBL242338,Iodine,COC(=O)[C@@H]1[C@@H]2CC[C@H](C[C@@H]1c3ccc(I)cc3)N2C,385.245,3.0305000000000017,False
CHEMBL447,Secobarbital,CCCC(C)C1(CC=C)C(=O)NC(=O)NC1=O,238.287,1.3510999999999997,False
CHEMBL1584,Piperacetazine,CC(=O)c1ccc2Sc3ccccc3N(CCCN4CCC(CCO)CC4)c2c1,410.58300000000025,4.976400000000006,False
CHEMBL14376,Iloperidone,COc1cc(ccc1OCCCN2CCC(CC2)c3noc4cc(F)ccc34)C(=O)C,426.4880000000001,4.826600000000004,False
CHEMBL1408759,Guaiazulene,CC(C)c1ccc(C)c2ccc(C)c2c1,198.30899999999997,4.531640000000004,False
CHEMBL22242,Remoxipride,CCN1CCC[C@H]1CNC(=O)c2c(OC)ccc(Br)c2OC,371.2750000000001,2.6804000000000006,False
CHEMBL1098659,Purified Water,O,18.015,-0.8247,False
CHEMBL406393,Deoxycholic Acid,C[C@H](CCC(=O)O)[C@H]1CC[C@H]2[C@@H]3CC[C@@H]4C[C@H](O)CC[C@]4(C)[C@H]3C[C@H](O)[C@]12C,392.58000000000015,4.477900000000005,True
CHEMBL1201747,Alcaftadine,CN1CCC(=C2c3ccccc3CCn4c(C=O)cnc24)CC1,307.39700000000005,2.7792000000000012,False
CHEMBL1201010,Fludrocortisone,CC(=O)OCC(=O)[C@@]1(O)CC[C@H]2[C@@H]3CCC4=CC(=O)CC[C@]4(C)[C@@]3(F)[C@@H](O)C[C@]12C,422.4930000000002,2.4445000000000006,False
CHEMBL654,Mirtazapine,CN1CCN2C(C1)c3ccccc3Cc4cccnc24,265.36,2.4789000000000003,False
CHEMBL1195,Propoxycaine,CCCOc1cc(N)ccc1C(=O)OCCN(CC)CC,294.39500000000004,2.5562000000000005,False
CHEMBL1615438,Levocabastine,C[C@@H]1CN(CC[C@]1(C(=O)O)c2ccccc2)[C@@H]3CC[C@@](CC3)(C#N)c4ccc(F)cc4,420.52800000000025,4.894080000000005,True
CHEMBL827,Dexmethylphenidate,COC(=O)[C@@H]([C@H]1CCCCN1)c2ccccc2,233.31100000000004,2.0853,False
CHEMBL1201314,Valganciclovir,CC(C)[C@H](N)C(=O)OCC(CO)OCn1cnc2C(=O)N=C(N)Nc12,354.3670000000001,-1.4366999999999974,False
CHEMBL1004,Doxylamine,CN(C)CCOC(C)(c1ccccc1)c2ccccn2,270.37600000000003,2.923300000000001,False
CHEMBL632,Betamethasone,C[C@H]1C[C@H]2[C@@H]3CCC4=CC(=O)C=C[C@]4(C)[C@@]3(F)[C@@H](O)C[C@]2(C)[C@@]1(O)C(=O)CO,392.4670000000002,1.8957000000000002,False
CHEMBL323348,Dimethyl Phthalate,COC(=O)c1ccccc1C(=O)OC,194.18599999999995,1.2597999999999998,False
CHEMBL615,Penicillin V,CC1(C)S[C@@H]2[C@H](NC(=O)COc3ccccc3)C(=O)N2[C@H]1C(=O)O,350.3960000000001,0.6970999999999998,True
CHEMBL1200538,Betamethasone Acetate,C[C@H]1C[C@H]2[C@@H]3CCC4=CC(=O)C=C[C@]4(C)[C@@]3(F)[C@@H](O)C[C@]2(C)[C@@]1(O)C(=O)COC(=O)C,434.5040000000003,2.466500000000001,False
CHEMBL131,Prednisolone,C[C@]12C[C@H](O)[C@H]3[C@@H](CCC4=CC(=O)C=C[C@]34C)[C@@H]1CC[C@]2(O)C(=O)CO,360.4500000000002,1.5575999999999999,False
CHEMBL237500,Linagliptin,CC#CCn1c(nc2N(C)C(=O)N(Cc3nc(C)c4ccccc4n3)C(=O)c12)N5CCC[C@@H](N)C5,472.5530000000003,1.1474199999999997,False
CHEMBL869,Nitrofural,OC(=N)N\N=C\c1oc(cc1)[N+](=O)[O-],198.138,0.6040700000000001,False
CHEMBL170,Quinine,COc1ccc2nccc([C@@H](O)[C@@H]3C[C@@H]4CCN3C[C@@H]4C=C)c2c1,324.4240000000001,3.1732000000000014,False
CHEMBL565,Clofibrate,CCOC(=O)C(C)(C)Oc1ccc(Cl)cc1,242.702,3.060500000000001,False
CHEMBL16080,Trichloroethane,CC(Cl)(Cl)Cl,133.405,2.376500000000001,False
CHEMBL1102,Glutethimide,CCC1(CCC(=O)NC1=O)c2ccccc2,217.268,1.771,False
CHEMBL991,Stavudine,CC1=CN([C@@H]2O[C@H](CO)C=C2)C(=O)NC1=O,224.21599999999998,-0.7090799999999999,False
CHEMBL13280,Flunitrazepam,CN1C(=O)CN=C(c2ccccc2F)c3cc(ccc13)[N+](=O)[O-],313.28800000000007,2.5477000000000007,False
CHEMBL93,Zileuton,CC(N(O)C(=O)N)c1cc2ccccc2s1,236.29600000000002,2.7322000000000015,False
CHEMBL33986,Butorphanol,Oc1ccc2C[C@H]3N(CC4CCC4)CC[C@@]5(CCCC[C@@]35O)c2c1,327.4680000000001,3.3656000000000024,False
CHEMBL544,Mequinol,COc1ccc(O)cc1,124.13899999999997,1.4008,False
CHEMBL656,Oxycodone,COc1ccc2C[C@H]3N(C)CC[C@@]45[C@@H](Oc1c24)C(=O)CC[C@@]35O,315.3690000000001,1.0481999999999996,False
CHEMBL1200733,Desflurane,FC(F)OC(F)C(F)(F)F,168.03599999999997,2.0835,False
CHEMBL750,Zonisamide,OS(=N)(=O)Cc1noc2ccccc12,212.23000000000002,1.8475699999999997,False
CHEMBL967,Temazepam,CN1C(=O)C(O)N=C(c2ccccc2)c3cc(Cl)ccc13,300.74500000000006,2.4722,False
CHEMBL1697733,Acetylcarnitine,CC(=O)O[C@H](CC(=O)[O-])C[N+](C)(C)C,203.23799999999997,-1.2356999999999976,False
CHEMBL1404,Ranolazine,COc1ccccc1OCC(O)CN2CCN(CC(=O)Nc3c(C)cccc3C)CC2,427.5450000000002,2.30804,False
CHEMBL1201131,Piperonyl Butoxide,CCCCOCCOCCOCc1cc2OCOc2cc1CCC,338.44400000000013,3.7177000000000024,False
CHEMBL1681,Sodium Iodohippurate,OC(=O)CNC(=O)c1ccccc1I,305.071,1.1055999999999995,True
CHEMBL612,Dexamfetamine,C[C@H](N)Cc1ccccc1,135.20999999999998,1.5763,False
CHEMBL625,Thiabendazole,c1ccc2[nH]c(nc2c1)c3cscn3,201.25400000000002,2.686400000000001,False
CHEMBL487253,Bendamustine,Cn1c(CCCC(=O)O)nc2cc(ccc12)N(CCCl)CCCl,358.2690000000001,3.2646000000000024,True
CHEMBL29,Benzylpenicillin,CC1(C)S[C@@H]2[C@H](NC(=O)Cc3ccccc3)C(=O)N2[C@H]1C(=O)O,334.39700000000005,0.8607999999999998,True
CHEMBL1741134,Sodium Picosulfate,OS(=O)(=O)Oc1ccc(cc1)C(c2ccc(OS(=O)(=O)O)cc2)c3ccccn3,437.4510000000001,2.625000000000001,False
CHEMBL1574,Phentermine,CC(C)(N)Cc1ccccc1,149.237,1.9664,False
CHEMBL1200430,Estradiol Acetate,CC(=O)Oc1ccc2[C@H]3CC[C@]4(C)[C@@H](O)CC[C@H]4[C@@H]3CCc2c1,314.42500000000007,3.8289000000000035,False
CHEMBL1502,Pantoprazole,COc1ccnc(C[S+]([O-])c2nc3cc(OC(F)F)ccc3[nH]2)c1OC,383.3760000000001,2.8843000000000005,False
CHEMBL1599,Cefapirin,CC(=O)OCC1=C(N2[C@H](SC1)[C@H](NC(=O)CSc3ccncc3)C2=O)C(=O)O,423.47200000000015,0.47539999999999977,True
CHEMBL1201345,Sodium Tetradecyl Sulfate,CCCCC(CC)CCC(CC(C)C)OS(=O)(=O)O,294.45700000000005,4.217100000000003,False
CHEMBL1641,Hydrocortisone Sodium Phosphate,C[C@]12CCC(=O)C=C1CC[C@H]3[C@@H]4CC[C@](O)(C(=O)COP(=O)(O)O)[C@@]4(C)C[C@H](O)[C@H]23,442.44500000000016,1.8985999999999998,False
CHEMBL1201281,Chloramphenicol Sodium Succinate,O[C@@H]([C@@H](COC(=O)CCC(=O)O)NC(=O)C(Cl)Cl)c1ccc(cc1)[N+](=O)[O-],423.2050000000001,1.3247000000000002,True
CHEMBL25,Aspirin,CC(=O)Oc1ccccc1C(=O)O,180.15899999999996,1.3101,True
CHEMBL1727,Cefalexin,CC1=C(N2[C@H](SC1)[C@H](NC(=O)[C@H](N)c3ccccc3)C2=O)C(=O)O,347.39600000000013,0.44489999999999896,True
CHEMBL1321,Procarbazine,CNNCc1ccc(cc1)C(=O)NC(C)C,221.304,1.0487999999999995,False
CHEMBL139,Diclofenac,OC(=O)Cc1ccccc1Nc2c(Cl)cccc2Cl,296.153,4.364100000000001,True
CHEMBL639,Azelastine,CN1CCCC(CC1)N2N=C(Cc3ccc(Cl)cc3)c4ccccc4C2=O,381.9070000000001,4.297500000000004,False
CHEMBL776,Metaproterenol Sulfate,CC(C)NCC(O)c1cc(O)cc(O)c1,211.261,1.1291999999999998,False
CHEMBL1201287,Dexbrompheniramine,CN(C)CC[C@@H](c1ccc(Br)cc1)c2ccccn2,319.246,3.9277000000000024,False
CHEMBL657,Diphenhydramine,CN(C)CCOC(c1ccccc1)c2ccccc2,255.36100000000002,3.3542000000000023,False
CHEMBL669,Cyclobenzaprine,CN(C)CCC=C1c2ccccc2C=Cc3ccccc13,275.39500000000004,4.553800000000004,False
CHEMBL1595,Dihydrocodeine,COc1ccc2C[C@@H]3[C@@H]4CC[C@H](O)[C@@H]5Oc1c2[C@]45CCN3C,301.3860000000001,1.7250999999999999,False
CHEMBL361497,Artesunate,C[C@@H]1CC[C@H]2[C@@H](C)[C@H](OC(=O)CCC(=O)O)O[C@@H]3O[C@@]4(C)CC[C@@H]1[C@@]23OO4,384.4250000000002,2.6024000000000003,True
CHEMBL1657,Tazarotene,CCOC(=O)c1ccc(nc1)C#Cc2ccc3SCCC(C)(C)c3c2,351.4710000000002,4.431500000000004,False
CHEMBL1169,Aminosalicylic acid,Nc1ccc(C(=O)O)c(O)c1,153.137,0.6726000000000001,True
CHEMBL635,Prednisone,C[C@]12CC(=O)[C@H]3[C@@H](CCC4=CC(=O)C=C[C@]34C)[C@@H]1CC[C@]2(O)C(=O)CO,358.43400000000014,1.7658,False
CHEMBL761,Naphazoline,C(C1=NCCN1)c2cccc3ccccc23,210.28,2.3840000000000003,False
CHEMBL714,Albuterol,CC(C)(C)NCC(O)c1ccc(O)c(CO)c1,239.315,1.3059999999999998,False
CHEMBL419,Mafenide,NCc1ccc(cc1)S(=O)(=O)N,186.23599999999996,-0.20729999999999993,False
CHEMBL1492,Diphenylpyraline,CN1CCC(CC1)OC(c2ccccc2)c3ccccc3,281.399,3.8868000000000036,False
CHEMBL1402684,Oxyphenisatin Acetate,CC(=O)Oc1ccc(cc1)C2(C(=O)Nc3ccccc23)c4ccc(OC(=O)C)cc4,401.4180000000002,3.8237000000000023,False
CHEMBL159226,Moxisylyte,CC(C)c1cc(OC(=O)C)c(C)cc1OCCN(C)C,279.38,2.9841200000000017,False
CHEMBL648,Cyclizine,CN1CCN(CC1)C(c2ccccc2)c3ccccc3,266.38800000000003,3.0234000000000014,False
CHEMBL403,Sulbactam,CC1(C)[C@@H](N2[C@@H](CC2=O)S1(=O)=O)C(=O)O,233.24499999999998,-0.794999999999999,True
CHEMBL267936,Mecamylamine,CNC1(C)C2CCC(C2)C1(C)C,167.296,2.4206000000000003,False
CHEMBL762,Oxymetazoline,Cc1cc(c(O)c(C)c1CC2=NCCN2)C(C)(C)C,260.381,2.850740000000001,False
CHEMBL1000,Cetirizine,OC(=O)COCCN1CCN(CC1)C(c2ccccc2)c3ccc(Cl)cc3,388.8950000000001,3.148200000000002,True
CHEMBL1198,Pramocaine,CCCCOc1ccc(OCCCN2CCOCC2)cc1,293.4069999999999,2.9666000000000015,False
CHEMBL1201256,Trimethobenzamide,COc1cc(cc(OC)c1OC)C(=O)NCc2ccc(OCCN(C)C)cc2,388.46400000000017,2.5828000000000007,False
CHEMBL1201117,Methocarbamol,COc1ccccc1OCC(O)COC(=O)N,241.24299999999994,0.5302000000000002,False
CHEMBL457299,Ethylene Glycol,OCCO,62.068000000000005,-1.0290000000000001,False
CHEMBL1201753,Pitavastatin,O[C@H](C[C@H](O)\C=C\c1c(nc2ccccc2c1c3ccc(F)cc3)C4CC4)CC(=O)O,421.4680000000002,4.518100000000004,True
CHEMBL807,Memantine,CC12CC3CC(C)(C1)CC(N)(C3)C2,179.307,2.6941000000000006,False
CHEMBL826,Enoxacin,CCN1C=C(C(=O)O)C(=O)c2cc(F)c(nc12)N3CCNCC3,320.3240000000001,0.6633000000000002,True
CHEMBL1201116,Hetacillin,CC1(C)S[C@@H]2[C@H](N3C(=O)[C@H](NC3(C)C)c4ccccc4)C(=O)N2[C@H]1C(=O)O,389.4770000000001,1.4111,True
CHEMBL1201329,Trimetaphan Camsilate,O=C1N(Cc2ccccc2)C3C[S+]4CCCC4C3N1Cc5ccccc5,365.52200000000005,3.6559000000000026,False
CHEMBL605846,Olodaterol,COc1ccc(CC(C)(C)NC[C@H](O)c2cc(O)cc3NC(=O)COc23)cc1,386.44800000000015,2.3760000000000003,False
CHEMBL1449,Ticarcillin,CC1(C)S[C@@H]2[C@H](NC(=O)[C@H](C(=O)O)c3ccsc3)C(=O)N2[C@H]1C(=O)O,384.4350000000001,0.5479999999999997,True
CHEMBL46,Ondansetron,Cc1nccn1CC2CCc3c(C2=O)c4ccccc4n3C,293.37,3.1285200000000017,False
CHEMBL708,Ziprasidone,Clc1cc2NC(=O)Cc2cc1CCN3CCN(CC3)c4nsc5ccccc45,412.94600000000014,3.809000000000003,False
CHEMBL192,Sildenafil,CCCc1nn(C)c2C(=O)NC(=Nc12)c3cc(ccc3OCC)S(=O)(=O)N4CCN(C)CC4,474.5870000000004,1.6109,False
CHEMBL1201198,Pemirolast,CC1=CC=CN2C(=O)C(=CN=C12)c3nnn[nH]3,228.21500000000003,0.1830199999999998,False
CHEMBL1342,Sodium Oxybate,OCCCC(=O)O,104.10499999999999,-0.15649999999999992,True
CHEMBL16694,Phenprocoumon,CCC(C1=C(O)Oc2ccccc2C1=O)c3ccccc3,280.323,4.040500000000002,False
CHEMBL1431,Metformin,CN(C)C(=N)NC(=N)N,129.167,-1.034159999999999,False
CHEMBL815,Dinoprost,CCCCC[C@H](O)\C=C\[C@H]1[C@H](O)C[C@H](O)[C@@H]1C\C=C/CCCC(=O)O,354.48700000000014,3.0429000000000013,True
CHEMBL1200627,Propiolactone,O=C1CCO1,72.063,-0.06669999999999998,False
CHEMBL810,Temozolomide,CN1N=Nc2c(ncn2C1=O)C(=O)N,194.15399999999997,-2.078099999999999,False
CHEMBL134342,Lipoic Acid,OC(=O)CCCC[C@@H]1CCSS1,206.332,2.7851000000000017,True
CHEMBL549,Citalopram,CN(C)CCCC1(OCc2cc(ccc12)C#N)c3ccc(F)cc3,324.399,3.812980000000003,False
CHEMBL695,Trimethadione,CN1C(=O)OC(C)(C)C1=O,143.142,0.37359999999999993,False
CHEMBL1547,Thiamine,Cc1ncc(C[n+]2csc(CCO)c2C)c(N)n1,265.36199999999997,0.60774,False
CHEMBL550,Pilocarpine,CC[C@H]1[C@@H](Cc2cncn2C)COC1=O,208.26099999999997,1.1618,False
CHEMBL1093,Articaine,CCCNC(C)C(=O)Nc1c(C)csc1C(=O)OC,284.38100000000003,2.16972,False
CHEMBL1201262,Dipivefrin,CNCC(O)c1ccc(OC(=O)C(C)(C)C)c(OC(=O)C(C)(C)C)c1,351.4430000000001,2.8424000000000014,False
CHEMBL1484,Nicardipine,COC(=O)C1=C(C)NC(=C(C1c2cccc(c2)[N+](=O)[O-])C(=O)OCCN(C)Cc3ccccc3)C,479.53300000000036,3.677800000000003,False
CHEMBL965,Carbachol,C[N+](C)(C)CCOC(=O)N,147.19799999999998,-0.2120999999999994,False
CHEMBL462547,Urethan,CCOC(=O)N,89.09400000000001,0.10160000000000013,False
CHEMBL1489662,Difenpiramide,O=C(Cc1ccc(cc1)c2ccccc2)Nc3ccccn3,288.35,3.929800000000002,False
CHEMBL1200598,Diethylstilbestrol Diphosphate,CC\C(=C(\CC)/c1ccc(OP(=O)(O)O)cc1)\c2ccc(OP(=O)(O)O)cc2,428.3140000000001,4.3604000000000065,False
CHEMBL1457,Hydrocodone,COc1ccc2C[C@@H]3[C@@H]4CCC(=O)[C@@H]5Oc1c2[C@]45CCN3C,299.37,1.9333,False
CHEMBL1200661,Unoprostone Isopropyl,CCCCCCCC(=O)CC[C@H]1[C@H](O)C[C@H](O)[C@@H]1C\C=C/CCCC(=O)OC(C)C,424.6220000000003,5.122300000000005,False
CHEMBL582,Isopropanol,CC(C)O,60.096000000000004,0.38710000000000006,False
CHEMBL649,Nadolol,CC(C)(C)NCC(O)COc1cccc2C[C@@H](O)[C@@H](O)Cc12,309.40600000000006,0.6347999999999998,False
CHEMBL1201039,Benzthiazide,NS(=O)(=O)c1cc2c(cc1Cl)N=C(CSCc3ccccc3)NS2(=O)=O,431.9480000000001,2.2427,False
CHEMBL997,Ibandronic Acid,CCCCCN(C)CCC(O)(P(=O)(O)O)P(=O)(O)O,319.23100000000005,0.4999999999999996,False
CHEMBL1165,Moexipril,CCOC(=O)[C@H](CCc1ccccc1)N[C@@H](C)C(=O)N2Cc3cc(OC)c(OC)cc3C[C@H]2C(=O)O,498.5760000000004,2.5843,True
CHEMBL1469,Sodium phenylbutyrate,OC(=O)CCCc1ccccc1,164.204,2.0939,True
CHEMBL2107825,Tenofovir Alafenamide,CC(C)OC(=O)[C@H](C)N[P@](=O)(CO[C@H](C)Cn1cnc2c(N)ncnc12)Oc3ccccc3,476.47400000000016,2.9729,False
CHEMBL235668,Tipiracil,ClC1=C(CN2CCCC2=N)NC(=O)NC1=O,242.66600000000003,0.28967000000000004,False
CHEMBL614,Pyrazinamide,NC(=O)c1cnccn1,123.11499999999998,-0.4245000000000001,False
CHEMBL550348,Deferasirox,OC(=O)c1ccc(cc1)n2nc(nc2c3ccccc3O)c4ccccc4O,373.36800000000005,3.7107000000000023,True
CHEMBL301267,Artemotil,CCO[C@H]1O[C@@H]2O[C@@]3(C)CC[C@H]4[C@H](C)CC[C@@H]([C@H]1C)[C@@]24OO3,312.406,3.230900000000002,False
CHEMBL1094,Felbamate,NC(=O)OCC(COC(=O)N)c1ccccc1,238.24300000000002,0.9607999999999998,False
CHEMBL473,Dofetilide,CN(CCOc1ccc(NS(=O)(=O)C)cc1)CCc2ccc(NS(=O)(=O)C)cc2,441.57500000000016,1.9828999999999997,False
CHEMBL1029,Miglustat,CCCCN1C[C@H](O)[C@@H](O)[C@H](O)[C@H]1CO,219.28099999999998,-1.4542999999999995,False
CHEMBL718,Methyldopa,CC(N)(Cc1ccc(O)c(O)c1)C(=O)O,211.21699999999998,0.4423000000000001,True
CHEMBL505851,Reposal,CCC1(C(=O)NC(=O)NC1=O)C2=CC3CCC(C3)C2,262.30899999999997,1.4951999999999999,False
CHEMBL231779,Apixaban,COc1ccc(cc1)n2nc(C(=O)N)c3CCN(C(=O)c23)c4ccc(cc4)N5CCCCC5=O,459.5060000000003,2.699600000000001,False
CHEMBL409153,Isavuconazole,C[C@@H](c1nc(cs1)c2ccc(cc2)C#N)[C@](O)(Cn3cncn3)c4cc(F)ccc4F,437.4750000000001,4.242980000000003,False
CHEMBL1537,Azlocillin,CC1(C)S[C@@H]2[C@H](NC(=O)[C@H](NC(=O)N3CCNC3=O)c4ccccc4)C(=O)N2[C@H]1C(=O)O,461.50000000000017,0.0942000000000009,True
CHEMBL595,Pioglitazone,CCc1ccc(CCOc2ccc(CC3SC(=O)NC3=O)cc2)nc1,356.44700000000006,3.159600000000001,False
CHEMBL170988,Phenformin,NC(=N)NC(=N)NCCc1ccccc1,205.26500000000001,0.23654000000000086,False
CHEMBL797,Phensuximide,CN1C(=O)CC(C1=O)c2ccccc2,189.21400000000003,1.1589,False
CHEMBL1199080,Bretylium Tosilate,CC[N+](C)(C)Cc1ccccc1Br,243.16799999999998,3.0454000000000017,False
CHEMBL1201354,Tridihexethyl Chloride,CC[N+](CC)(CC)CCC(O)(C1CCCCC1)c2ccccc2,318.5249999999999,4.721100000000004,False
CHEMBL1112,Aripiprazole,Clc1cccc(N2CCN(CCCCOc3ccc4CCC(=O)Nc4c3)CC2)c1Cl,448.39400000000023,4.859300000000004,False
CHEMBL2107381,Uridine Triacetate,CC(=O)OC[C@H]1O[C@H]([C@H](OC(=O)C)[C@@H]1OC(=O)C)N2C=CC(=O)NC2=O,370.3140000000001,-1.1394999999999986,False
CHEMBL1200604,Tropicamide,CCN(Cc1ccncc1)C(=O)C(CO)c2ccccc2,284.359,2.2062,False
CHEMBL2106915,Methopholine,COc1cc2CCN(C)C(CCc3ccc(Cl)cc3)c2cc1OC,345.8700000000001,4.519000000000005,False
CHEMBL1201260,Betanidine,CN\C(=N/C)\NCc1ccccc1,177.251,0.9813999999999995,False
CHEMBL2105720,Lesinurad,OC(=O)CSc1nnc(Br)n1c2ccc(C3CC3)c4ccccc24,404.28900000000016,4.2371000000000025,True
CHEMBL747,Cycloguanil Embonate,CC1(C)N=C(N)N=C(N)N1c2ccc(Cl)cc2,251.72100000000003,1.5255000000000003,False
CHEMBL1430,Penicillamine,CC(C)(S)[C@@H](N)C(=O)O,149.215,0.10669999999999985,True
CHEMBL311498,Cianidanol,O[C@H]1Cc2c(O)cc(O)cc2O[C@@H]1c3ccc(O)c(O)c3,290.271,1.5460999999999996,False
CHEMBL59,Dopamine,NCCc1ccc(O)c(O)c1,153.18099999999998,0.5989999999999998,False
CHEMBL1689063,Avibactam,NC(=O)[C@@H]1CC[C@@H]2CN1C(=O)N2OS(=O)(=O)O,265.247,-1.5252999999999983,False
CHEMBL182,Ganciclovir,Nc1nc(O)c2ncn(COC(CO)CO)c2n1,255.23399999999995,-1.5586000000000002,False
CHEMBL1237021,Lurasidone,O=C1[C@@H]2[C@H]3CC[C@H](C3)[C@@H]2C(=O)N1C[C@@H]4CCCC[C@H]4CN5CCN(CC5)c6nsc7ccccc67,492.68900000000025,4.255800000000004,False
CHEMBL593,Delavirdine,CC(C)Nc1cccnc1N2CCN(CC2)C(=O)c3cc4cc(NS(=O)(=O)C)ccc4[nH]3,456.57200000000006,2.7171000000000003,False
CHEMBL275661,Succinimide,O=C1CCC(=O)N1,99.089,-0.577,False
CHEMBL1534,Riboflavin,Cc1cc2N=C3C(=O)NC(=O)N=C3N(C[C@H](O)[C@H](O)[C@H](O)CO)c2cc1C,376.36900000000014,-1.7235599999999989,False
CHEMBL960,Leflunomide,Cc1oncc1C(=O)Nc2ccc(cc2)C(F)(F)F,270.21,3.2541200000000012,False
CHEMBL1213456,Nemonoxacin,COc1c(ccc2C(=O)C(=CN(C3CC3)c12)C(=O)O)N4C[C@@H](C)C[C@H](N)C4,371.4370000000001,2.2167000000000003,True
CHEMBL1513,Irbesartan,CCCCC1=NC2(CCCC2)C(=O)N1Cc3ccc(cc3)c4ccccc4c5nn[nH]n5,428.5400000000001,4.777400000000004,False
CHEMBL1757,Fosfomycin,C[C@@H]1O[C@@H]1P(=O)(O)O,138.059,-0.09110000000000007,False
CHEMBL820,Busulfan,CS(=O)(=O)OCCCCOS(=O)(=O)C,246.30599999999998,-0.2809999999999997,False
CHEMBL666,Foscarnet Sodium,OC(=O)P(=O)(O)O,126.00399999999998,-0.1579000000000001,True
CHEMBL564,Promazine,CN(C)CCCN1c2ccccc2Sc3ccccc13,284.42800000000005,4.241000000000003,False
CHEMBL1750,Clofarabine,Nc1nc(Cl)nc2c1ncn2[C@@H]3O[C@H](CO)[C@@H](O)[C@@H]3F,303.681,-0.34940000000000027,False
CHEMBL76370,Tegaserod,CCCCCNC(=N)N\N=C\c1c[nH]c2ccc(OC)cc12,301.3940000000001,2.8145700000000007,False
CHEMBL561,Lomefloxacin,CCN1C=C(C(=O)O)C(=O)c2cc(F)c(N3CCNC(C)C3)c(F)c12,351.353,1.7959,True
CHEMBL1336,Sorafenib,CNC(=O)c1cc(Oc2ccc(NC(=O)Nc3ccc(Cl)c(c3)C(F)(F)F)cc2)ccn1,464.83100000000013,5.549700000000002,False
CHEMBL1200607,Perflexane,FC(F)(F)C(F)(F)C(F)(F)C(F)(F)C(F)(F)C(F)(F)F,338.03799999999995,4.652200000000001,False
CHEMBL5,Nalidixic Acid,CCN1C=C(C(=O)O)C(=O)c2ccc(C)nc12,232.23899999999998,1.4230200000000002,True
CHEMBL44618,Chloroform,ClC(Cl)Cl,119.37800000000001,1.9864,False
CHEMBL11,Imipramine,CN(C)CCCN1c2ccccc2CCc3ccccc13,280.415,3.8750000000000027,False
CHEMBL1762,Tocainide,CC(N)C(=O)Nc1c(C)cccc1C,192.262,1.5891399999999998,False
CHEMBL645,Bisoprolol,CC(C)NCC(O)COc1ccc(COCCOC(C)C)cc1,325.449,2.3659,False
CHEMBL22,Trimethoprim,COc1cc(Cc2cnc(N)nc2N)cc(OC)c1OC,290.32300000000004,1.2575999999999998,False
CHEMBL836,Tamsulosin,CCOc1ccccc1OCCN[C@H](C)Cc2ccc(OC)c(c2)S(=O)(=O)N,408.5200000000001,2.3409,False
CHEMBL1514,Levacetylmethadol,CC[C@H](OC(=O)C)C(C[C@H](C)N(C)C)(c1ccccc1)c2ccccc2,353.50600000000003,4.654600000000005,False
CHEMBL1194666,Amfepramone,CCN(CC)C(C)C(=O)c1ccccc1,205.30100000000002,2.5996000000000006,False
CHEMBL506,Primaquine,COc1cc(NC(C)CCCN)c2ncccc2c1,259.35299999999995,2.782700000000001,False
CHEMBL1201325,Hexocyclium Methylsulfate,C[N+]1(C)CCN(CC(O)(C2CCCCC2)c3ccccc3)CC1,317.49700000000007,2.8465000000000007,False
CHEMBL517,Disopyramide,CC(C)N(CCC(C(=O)N)(c1ccccc1)c2ccccn2)C(C)C,339.48300000000006,3.361900000000002,False
CHEMBL1303,Rotigotine,CCCN(CCc1cccs1)[C@H]2CCc3c(O)cccc3C2,315.482,4.265700000000003,False
CHEMBL1200790,Methyprylon,CCC1(CC)C(=O)NCC(C)C1=O,183.25099999999998,1.1278,False
CHEMBL276520,Indalpine,C(Cc1c[nH]c2ccccc12)C3CCNCC3,228.33899999999994,3.100100000000001,False
CHEMBL1200862,Metirosine,C[C@](N)(Cc1ccc(O)cc1)C(=O)O,195.218,0.7367000000000001,True
CHEMBL119,Trimetrexate,COc1cc(NCc2ccc3nc(N)nc(N)c3c2C)cc(OC)c1OC,369.4250000000001,2.740520000000001,False
CHEMBL1164729,Febuxostat,CC(C)COc1ccc(cc1C#N)c2nc(C)c(s2)C(=O)O,316.382,3.723200000000002,True
CHEMBL1570,Aldesulfone Sodium,OS(=O)CNc1ccc(cc1)S(=O)(=O)c2ccc(NCS(=O)O)cc2,404.4910000000001,1.7015999999999998,False
CHEMBL1159,Pinacidil,CC(N\C(=N/C#N)\Nc1ccncc1)C(C)(C)C,245.33,2.3547800000000008,False
CHEMBL1873475,Ibrutinib,Nc1ncnc2c1c(nn2[C@@H]3CCCN(C3)C(=O)C=C)c4ccc(Oc5ccccc5)cc4,440.5070000000001,4.217300000000003,False
CHEMBL3707214,Morpholine Salicylate,Oc1ccccc1C(=O)ON2CCOCC2,223.22799999999992,0.7962000000000002,False
CHEMBL1232132,"3,5 Dibromotyrosine",N[C@@H](Cc1cc(Br)c(O)c(Br)c1)C(=O)O,338.98300000000006,1.8716000000000002,True
CHEMBL449,Butabarbital,CCC(C)C1(CC)C(=O)NC(=O)NC1=O,212.249,0.7948999999999999,False
CHEMBL847,Oxamniquine,CC(C)NCC1CCc2cc(CO)c(cc2N1)[N+](=O)[O-],279.34000000000003,1.8117999999999996,False
CHEMBL1160819,"Ammonia Solution, Strong",N,17.031,0.16199999999999998,False
CHEMBL127516,Butamben,CCCCOC(=O)c1ccc(N)cc1,193.24599999999998,2.2257,False
CHEMBL1801800,Metabromsalan,Oc1c(Br)cc(Br)cc1C(=O)Nc2ccccc2,371.0280000000001,4.169500000000002,False
CHEMBL1201273,Protokylol,CC(Cc1ccc2OCOc2c1)NCC(O)c3ccc(O)c(O)c3,331.36800000000005,2.0807,False
CHEMBL1201227,Cycrimine,OC(CCN1CCCCC1)(C2CCCC2)c3ccccc3,287.44699999999995,3.940400000000003,False
CHEMBL1213252,Clorazepic Acid,OC(=O)C1N=C(c2ccccc2)c3cc(Cl)ccc3NC1=O,314.72800000000007,2.5827,True
CHEMBL1083659,Suvorexant,C[C@@H]1CCN(CCN1C(=O)c2cc(C)ccc2n3nccn3)c4oc5ccc(Cl)cc5n4,450.9300000000002,4.111320000000003,False
CHEMBL456,Etacrynic Acid,CCC(=C)C(=O)c1ccc(OCC(=O)O)c(Cl)c1Cl,303.14099999999996,3.6057000000000023,True
CHEMBL968,Flurazepam,CCN(CC)CCN1C(=O)CN=C(c2ccccc2F)c3cc(Cl)ccc13,387.88600000000014,4.004900000000003,False
CHEMBL39736,Buformin,CCCC\N=C(\N)/N=C(N)N,157.22099999999998,-0.6253999999999984,False
CHEMBL717,Medroxyprogesterone,C[C@H]1C[C@@H]2[C@H](CC[C@@]3(C)[C@H]2CC[C@]3(OC(=O)C)C(=O)C)[C@@]4(C)CCC(=O)C=C14,386.5320000000002,4.655200000000004,False
CHEMBL1286,Levetiracetam,CC[C@H](N1CCCC1=O)C(=O)N,170.212,-0.12729999999999986,False
CHEMBL185,Fluorouracil,FC1=CNC(=O)NC1=O,130.078,-0.7977000000000001,False
CHEMBL463,Aminohippuric Acid,Nc1ccc(cc1)C(=O)NCC(=O)O,194.18999999999997,0.08319999999999972,True
CHEMBL548,Dinoprostone,CCCCC[C@H](O)\C=C\[C@H]1[C@H](O)CC(=O)[C@@H]1C\C=C/CCCC(=O)O,352.4710000000001,3.251100000000002,True
CHEMBL575,Methicillin,COc1cccc(OC)c1C(=O)N[C@H]2[C@H]3SC(C)(C)[C@@H](N3C2=O)C(=O)O,380.42200000000014,0.9490999999999996,True
CHEMBL1490,Trihexyphenidyl,OC(CCN1CCCCC1)(C2CCCCC2)c3ccccc3,301.47399999999993,4.330500000000004,False
CHEMBL452,Clonazepam,[O-][N+](=O)c1ccc2NC(=O)CN=C(c3ccccc3Cl)c2c1,315.716,3.037700000000001,False
CHEMBL1371,Chlorzoxazone,Clc1ccc2OC(=O)Nc2c1,169.567,1.7744999999999997,False
CHEMBL712,Anisindione,COc1ccc(cc1)C2C(=O)c3ccccc3C2=O,252.26899999999998,2.8580000000000005,False
CHEMBL1378,Thiethylperazine,CCSc1ccc2Sc3ccccc3N(CCCN4CCN(C)CC4)c2c1,399.6290000000003,5.0388000000000055,False
CHEMBL1387,Norethynodrel,C[C@]12CC[C@H]3[C@@H](CCC4=C3CCC(=O)C4)[C@@H]1CC[C@@]2(O)C#C,298.426,3.6366000000000023,False
CHEMBL1201073,Succimer,OC(=O)[C@H](S)[C@H](S)C(=O)O,182.222,-0.2476000000000001,True
CHEMBL1291,Metipranolol,CC(C)NCC(O)COc1cc(C)c(OC(=O)C)c(C)c1C,309.40600000000006,2.2748599999999994,False
CHEMBL1100,Paramethadione,CCC1(C)OC(=O)N(C)C1=O,157.16899999999995,0.7637,False
CHEMBL829,Alimemazine,CC(CN(C)C)CN1c2ccccc2Sc3ccccc13,298.45500000000004,4.487000000000004,False
CHEMBL3707234,Nicofetamide,O=C(NC(Cc1ccccc1)c2ccccc2)c3cccnc3,302.377,3.7954000000000025,False
CHEMBL54,Haloperidol,OC1(CCN(CCCC(=O)c2ccc(F)cc2)CC1)c3ccc(Cl)cc3,375.8710000000001,4.425600000000004,False
CHEMBL404,Tazobactam,C[C@]1(Cn2ccnn2)[C@@H](N3[C@@H](CC3=O)S1(=O)=O)C(=O)O,300.296,-1.5231999999999979,True
CHEMBL1201317,Triclofos,OP(=O)(O)OCC(Cl)(Cl)Cl,229.38299999999998,1.4658999999999998,False
CHEMBL1237119,Treprostinil,CCCCC[C@H](O)CC[C@H]1[C@H](O)C[C@@H]2Cc3c(C[C@H]12)cccc3OCC(=O)O,390.5200000000001,3.5832000000000024,True
CHEMBL126,Linezolid,CC(=O)NC[C@H]1CN(C(=O)O1)c2ccc(N3CCOCC3)c(F)c2,337.3510000000001,1.1235999999999993,False
CHEMBL289469,Granisetron,CN1C2CCCC1CC(C2)NC(=O)c3nn(C)c4ccccc34,312.41700000000003,2.3183999999999996,False
CHEMBL36,Pyrimethamine,CCc1nc(N)nc(N)c1c2ccc(Cl)cc2,248.71700000000004,2.5238000000000005,False
CHEMBL509,Meclofenamic Acid,Cc1ccc(Cl)c(Nc2ccccc2C(=O)O)c1Cl,296.153,4.743620000000003,True
CHEMBL1200922,Mebutamate,CCC(C)C(C)(COC(=O)N)COC(=O)N,232.27999999999994,1.2294000000000003,False
CHEMBL1200829,Gluconolactone,OC[C@H]1OC(=O)[C@H](O)[C@@H](O)[C@@H]1O,178.14000000000001,-3.0132,False
CHEMBL7413,Methohexital,CCC#CC(C)C1(CC=C)C(=O)NC(=O)N(C)C1=O,262.30899999999997,1.3066,False
CHEMBL35,Furosemide,NS(=O)(=O)c1cc(C(=O)O)c(NCc2occc2)cc1Cl,330.749,1.8907,True
CHEMBL742,Ketamine,CNC1(CCCCC1=O)c2ccccc2Cl,237.73000000000002,2.897800000000001,False
CHEMBL617,Cefalotin,CC(=O)OCC1=C(N2[C@H](SC1)[C@H](NC(=O)Cc3cccs3)C2=O)C(=O)O,396.4460000000001,0.5922999999999998,True
CHEMBL395110,Pecazine,CN1CCCC(CN2c3ccccc3Sc4ccccc24)C1,310.4660000000001,4.631100000000004,False
CHEMBL1201233,Methyldopate,CCOC(=O)[C@@](C)(N)Cc1ccc(O)c(O)c1,239.27100000000002,0.9207999999999996,False
CHEMBL589,Ropinirole,CCCN(CCC)CCc1cccc2NC(=O)Cc12,260.381,2.845700000000001,False
CHEMBL1422,Sitagliptin,N[C@@H](CC(=O)N1CCn2c(C1)nnc2C(F)(F)F)Cc3cc(F)c(F)cc3F,407.3180000000001,2.0164999999999997,False
CHEMBL1201758,Bepotastine,OC(=O)CCCN1CCC(CC1)O[C@@H](c2ccc(Cl)cc2)c3ccccn3,388.8950000000001,4.170200000000004,True
CHEMBL24,Atenolol,CC(C)NCC(O)COc1ccc(CC(=O)N)cc1,266.34099999999995,0.45210000000000006,False
CHEMBL878,Metolazone,CC1Nc2cc(Cl)c(cc2C(=O)N1c3ccccc3C)S(=O)(=O)N,365.8420000000001,2.7141199999999994,False
CHEMBL1604,Cefradine,CC1=C(N2[C@H](SC1)[C@H](NC(=O)[C@H](N)C3=CCC=CC3)C2=O)C(=O)O,349.41200000000015,0.3486000000000002,True
CHEMBL148,Imipenem,C[C@@H](O)[C@@H]1[C@H]2CC(=C(N2C1=O)C(=O)O)SCCNC=N,299.352,-0.1760299999999992,True
CHEMBL894,Bupropion,CC(NC(C)(C)C)C(=O)c1cccc(Cl)c1,239.746,3.2993000000000023,False
CHEMBL640,Procainamide,CCN(CC)CCNC(=O)c1ccc(N)cc1,235.33100000000002,1.3403999999999996,False
CHEMBL404108,Lumiracoxib,Cc1ccc(Nc2c(F)cccc2Cl)c(CC(=O)O)c1,293.725,4.158220000000002,True
CHEMBL514,Lomustine,ClCCN(N=O)C(=O)NC1CCCCC1,233.69899999999996,2.2509000000000006,False
CHEMBL492,Etidocaine,CCCN(CC)C(CC)C(=O)Nc1c(C)cccc1C,276.42400000000004,3.7524400000000018,False
CHEMBL1186579,Methylnaltrexone bromide,C[N+]1(CC2CC2)CC[C@]34[C@H]5Oc6c(O)ccc(C[C@@H]1[C@]3(O)CCC5=O)c46,356.4420000000002,1.6699999999999997,False
CHEMBL260538,Ulipristal acetate,CN(C)c1ccc(cc1)[C@H]2C[C@@]3(C)[C@@H](CC[C@]3(OC(=O)C)C(=O)C)[C@@H]4CCC5=CC(=O)CCC5=C24,475.6290000000003,5.543000000000006,False
CHEMBL1909283,Mebanazine,CC(NN)c1ccccc1,136.19799999999998,1.2109,False
CHEMBL976,Praziquantel,O=C(C1CCCCC1)N2CC3N(CCc4ccccc34)C(=O)C2,312.4130000000001,2.5349000000000004,False
CHEMBL865,Valdecoxib,Cc1onc(c2ccccc2)c1c3ccc(cc3)S(=O)(=O)N,314.36600000000004,2.9644200000000014,False
CHEMBL146095,Glafenine,OCC(O)COC(=O)c1ccccc1Nc2ccnc3cc(Cl)ccc23,372.80800000000016,3.141800000000001,False
CHEMBL1200596,Chloroxine,Oc1c(Cl)cc(Cl)c2cccnc12,214.051,3.2472000000000003,False
CHEMBL1411979,Methapyrilene,CN(C)CCN(Cc1cccs1)c2ccccn2,261.394,2.7113000000000005,False
CHEMBL1201323,Betazole,NCCc1cc[nH]n1,111.14799999999998,-0.08910000000000035,False
CHEMBL1546,Hydroxyamfetamine,CC(N)Cc1ccc(O)cc1,151.20899999999997,1.2819,False
CHEMBL259209,Milnacipran,CCN(CC)C(=O)C1(CC1CN)c2ccccc2,246.354,1.7713999999999996,False
CHEMBL61593,Cyclothiazide,NS(=O)(=O)c1cc2c(NC(NS2(=O)=O)C3CC4CC3C=C4)cc1Cl,389.8860000000002,1.2295000000000005,False
CHEMBL3275586,Dixyrazine,CC(CN1CCN(CCOCCO)CC1)CN2c3ccccc3Sc4ccccc24,427.61400000000003,3.5519000000000025,False
CHEMBL3707231,Fluclorolone,C[C@]12C[C@H](Cl)[C@@]3(Cl)[C@@H](C[C@H](F)C4=CC(=O)C=C[C@]34C)[C@@H]1C[C@@H](O)[C@]2(O)C(=O)CO,447.3300000000002,2.084300000000001,False
CHEMBL681,Etomidate,CCOC(=O)c1cncn1[C@H](C)c2ccccc2,244.294,2.669100000000001,False
CHEMBL1201320,Esomeprazole,COc1ccc2[nH]c(nc2c1)[S+]([O-])Cc3ncc(C)c(OC)c3C,345.42400000000015,2.8997400000000013,False
CHEMBL1201776,Tapentadol,CC[C@H]([C@@H](C)CN(C)C)c1cccc(O)c1,221.34400000000002,3.0835000000000017,False
CHEMBL1909289,Xenazoic Acid,CCOC(Nc1ccc(cc1)C(=O)O)C(=O)c2ccc(cc2)c3ccccc3,375.42400000000004,4.709200000000003,True
CHEMBL509282,Sedormid,CC(C)C(CC=C)C(=O)NC(=O)N,184.23899999999998,1.0296,False
CHEMBL1589,Acetohexamide,CC(=O)c1ccc(cc1)S(=O)(=O)NC(=O)NC2CCCCC2,324.40200000000016,2.2098000000000004,False
CHEMBL1697766,Perazine,CN1CCN(CCCN2c3ccccc3Sc4ccccc24)CC1,339.50800000000015,3.9268000000000027,False
CHEMBL1520,Vardenafil,CCCc1nc(C)c2C(=O)N=C(Nn12)c3cc(ccc3OCC)S(=O)(=O)N4CCN(CC)CC4,488.61400000000043,2.0704199999999995,False
CHEMBL221959,Tofacitinib,C[C@@H]1CCN(C[C@@H]1N(C)c2ncnc3[nH]ccc23)C(=O)CC#N,312.3770000000001,1.5447799999999994,False
CHEMBL924,Zoledronic acid,OC(Cn1ccnc1)(P(=O)(O)O)P(=O)(O)O,272.09,-1.1154000000000002,False
CHEMBL1201112,Nelarabine,COc1nc(N)nc2c1ncn2[C@@H]3O[C@H](CO)[C@@H](O)[C@@H]3O,297.271,-1.9713999999999994,False
CHEMBL41355,Ezogabine,CCOC(=O)Nc1ccc(NCc2ccc(F)cc2)cc1N,303.33700000000005,3.588400000000001,False
CHEMBL697,Mesuximide,CN1C(=O)CC(C)(C1=O)c2ccccc2,203.241,1.3329999999999997,False
CHEMBL1104,Edrophonium Chloride,CC[N+](C)(C)c1cccc(O)c1,166.24399999999997,1.9790000000000003,False
CHEMBL855,Triprolidine,Cc1ccc(cc1)\C(=C/CN2CCCC2)\c3ccccn3,278.39899999999994,3.917520000000003,False
CHEMBL1197,Hexylcaine,CC(CNC1CCCCC1)OC(=O)c2ccccc2,261.365,3.154200000000002,False
CHEMBL1909072,Pipamazine,NC(=O)C1CCN(CCCN2c3ccccc3Sc4ccc(Cl)cc24)CC1,401.96300000000025,4.530100000000004,False
CHEMBL2107834,Riociguat,COC(=O)N(C)c1c(N)nc(nc1N)c2nn(Cc3ccccc3F)c4ncccc24,422.4240000000001,2.4426999999999994,False
CHEMBL2105669,Tedizolid Phosphate,Cn1nnc(n1)c2ccc(cn2)c3ccc(cc3F)N4C[C@H](COP(=O)(O)O)OC4=O,450.3230000000002,1.5126999999999997,False
CHEMBL1615350,Clomacran,CN(C)CCCC1c2ccccc2Nc3ccc(Cl)cc13,300.833,4.870700000000004,False
CHEMBL1201048,Dromostanolone Propionate,CCC(=O)O[C@H]1CC[C@H]2[C@@H]3CC[C@H]4CC(=O)[C@H](C)C[C@]4(C)[C@H]3CC[C@]12C,360.5380000000002,5.166000000000006,False
CHEMBL1201754,Rufinamide,NC(=O)c1cn(Cc2c(F)cccc2F)nn1,238.197,0.7035000000000001,False
CHEMBL1200368,Bentiromide,OC(=O)c1ccc(NC(=O)[C@H](Cc2ccc(O)cc2)NC(=O)c3ccccc3)cc1,404.4220000000001,3.0702000000000016,True
CHEMBL1909286,Fenoxypropazine,CC(COc1ccccc1)NN,166.224,0.9172000000000002,False
CHEMBL930,Glutamine,N[C@@H](CCC(=O)N)C(=O)O,146.14600000000002,-1.336199999999999,True
CHEMBL1201319,Metaraminol,C[C@H](N)[C@H](O)c1cccc(O)c1,167.20799999999997,0.7728000000000002,False
CHEMBL168815,Cevimeline,CC1OC2(CS1)CN3CCC2CC3,199.31899999999993,1.5602,False
CHEMBL412873,Sparteine,C1CCN2C[C@H]3C[C@H](CN4CCCC[C@@H]34)[C@H]2C1,234.38699999999992,2.3451000000000004,False
CHEMBL1551365,Ethyl Nitrite [Spirit],CCON=O,75.067,0.7043,False
CHEMBL638,Voriconazole,C[C@@H](c1ncncc1F)[C@](O)(Cn2cncn2)c3ccc(F)cc3F,349.31600000000003,2.1769,False
CHEMBL1489,Azacitidine,NC1=NC(=O)N(C=N1)[C@@H]2O[C@H](CO)[C@@H](O)[C@H]2O,244.207,-3.167999999999999,False
CHEMBL1006,Amifostine,NCCCNCCSP(=O)(O)O,214.22699999999998,-0.2492999999999997,False
CHEMBL1644,Cefadroxil,CC1=C(N2[C@H](SC1)[C@H](NC(=O)[C@H](N)c3ccc(O)cc3)C2=O)C(=O)O,363.3950000000001,0.15049999999999925,True
CHEMBL2216870,Idelalisib,CC[C@H](Nc1ncnc2[nH]cnc12)C3=Nc4cccc(F)c4C(=O)N3c5ccccc5,415.43200000000013,3.7543000000000015,False
CHEMBL1257,Enflurane,FC(F)OC(F)(F)C(F)Cl,184.491,2.3528000000000002,False
CHEMBL1503,Omeprazole,COc1ccc2[nH]c(nc2c1)[S+]([O-])Cc3ncc(C)c(OC)c3C,345.42400000000015,2.8997400000000013,False
CHEMBL1149,Levocarnitine,C[N+](C)(C)C[C@H](O)CC(=O)[O-],161.20099999999996,-1.8064999999999984,False
CHEMBL537,Hydroquinone,Oc1ccc(O)cc1,110.11199999999998,1.0977999999999999,False
CHEMBL1200845,Halcinonide,CC1(C)O[C@@H]2C[C@H]3[C@@H]4CCC5=CC(=O)CC[C@]5(C)[C@@]4(F)[C@@H](O)C[C@]3(C)[C@@]2(O1)C(=O)CCl,454.96600000000024,3.889300000000003,False
CHEMBL659,Galantamine,COc1ccc2CN(C)CC[C@@]34C=C[C@H](O)C[C@@H]3Oc1c24,287.35900000000004,1.8502999999999998,False
CHEMBL1201146,Norethindrone acetate,CC(=O)O[C@]1(CC[C@H]2[C@@H]3CCC4=CC(=O)CC[C@@H]4[C@H]3CC[C@]12C)C#C,340.4630000000001,4.0633000000000035,False
CHEMBL33,Levofloxacin,C[C@H]1COc2c(N3CCN(C)CC3)c(F)cc4C(=O)C(=CN1c24)C(=O)O,361.37300000000005,1.544,True
CHEMBL1615209,Dexrabeprazole,COCCCOc1ccnc(C[S+]([O-])c2nc3ccccc3[nH]2)c1C,359.451,2.989420000000001,False
CHEMBL21,Sulfanilamide,Nc1ccc(cc1)S(=O)(=O)N,172.20899999999997,-0.08379999999999999,False
CHEMBL471737,Ivabradine,COc1cc2CCN(CCCN(C)C[C@H]3Cc4cc(OC)c(OC)cc34)C(=O)Cc2cc1OC,468.59400000000034,3.3100000000000023,False
CHEMBL1201263,Hydrocortamate,CCN(CC)CC(=O)OCC(=O)[C@@]1(O)CC[C@H]2[C@@H]3CCC4=CC(=O)CC[C@]4(C)[C@H]3[C@@H](O)C[C@]12C,475.6260000000004,2.6742999999999997,False
CHEMBL73234,Pentoxyverine,CCN(CC)CCOCCOC(=O)C1(CCCC1)c2ccccc2,333.472,3.400000000000002,False
CHEMBL1742471,Ebrotidine,NC(=N)Nc1nc(CSCCN\C=N\S(=O)(=O)c2ccc(Br)cc2)cs1,477.4350000000001,2.4509700000000008,False
CHEMBL1242,Phenazopyridine,Nc1ccc(N=Nc2ccccc2)c(N)n1,213.24400000000003,2.6613999999999995,False
CHEMBL1290,Penbutolol,CC(C)(C)NC[C@H](O)COc1ccccc1C2CCCC2,291.4350000000001,3.472000000000002,False
CHEMBL459265,Gentian Violet,CN(C)c1ccc(cc1)C(=C2C=CC(=[N+](C)C)C=C2)c3ccc(cc3)N(C)C,372.53600000000006,4.459600000000004,False
CHEMBL942,Bisacodyl,CC(=O)Oc1ccc(cc1)C(c2ccc(OC(=O)C)cc2)c3ccccn3,361.39700000000005,4.112400000000003,False
CHEMBL1508,Escitalopram,CN(C)CCC[C@]1(OCc2cc(ccc12)C#N)c3ccc(F)cc3,324.399,3.812980000000003,False
CHEMBL852,Melphalan,N[C@@H](Cc1ccc(cc1)N(CCCl)CCCl)C(=O)O,305.2049999999999,1.925,True
CHEMBL515,Chlorambucil,OC(=O)CCCc1ccc(cc1)N(CCCl)CCCl,304.217,3.377900000000002,True
CHEMBL1095777,Indacaterol,CCc1cc2CC(Cc2cc1CC)NC[C@H](O)c3ccc(O)c4NC(=O)C=Cc34,392.4990000000001,3.148900000000001,False
CHEMBL440,Thiamylal,CCCC(C)C1(CC=C)C(=O)NC(=NC1=O)S,254.35500000000002,1.9272999999999998,False
CHEMBL842,Chlorothiazide,NS(=O)(=O)c1cc2c(cc1Cl)N=CNS2(=O)=O,295.72900000000004,-0.0608999999999999,False
CHEMBL1271,Pentolinium Tartrate,C[N+]1(CCCCC[N+]2(C)CCCC2)CCCC1,240.4349999999999,2.637500000000001,False
CHEMBL1428,Nimodipine,COCCOC(=O)C1=C(C)NC(=C(C1c2cccc(c2)[N+](=O)[O-])C(=O)OC(C)C)C,418.44600000000025,2.9708000000000014,False
CHEMBL88,Cyclophosphamide,ClCCN(CCCl)P1(=O)NCCCO1,261.089,1.884,False
CHEMBL821,Guanidine HCl,NC(=N)N,59.071999999999996,-1.1614300000000002,False
CHEMBL1201784,Hexaminolevulinate HCl,CCCCCCOC(=O)CCC(=O)CN,215.29299999999995,1.4179,False
CHEMBL1200709,Crotamiton,CCN(C(=O)\C=C\C)c1ccccc1C,203.285,2.9240200000000014,False
CHEMBL448,Pentobarbital,CCCC(C)C1(CC)C(=O)NC(=O)NC1=O,226.276,1.1849999999999998,False
CHEMBL521686,Olaparib,Fc1ccc(CC2=NNC(=O)c3ccccc23)cc1C(=O)N4CCN(CC4)C(=O)C5CC5,434.4710000000004,2.3473999999999995,False
CHEMBL340978,Benoxaprofen,CC(C(=O)O)c1ccc2oc(nc2c1)c3ccc(Cl)cc3,301.729,4.336300000000002,True
CHEMBL454,Butalbital,CC(C)CC1(CC=C)C(=O)NC(=O)NC1=O,224.26,0.9609999999999999,False
CHEMBL1726,Nisoldipine,COC(=O)C1=C(C)NC(=C(C1c2ccccc2[N+](=O)[O-])C(=O)OCC(C)C)C,388.42000000000024,3.2018000000000013,False
CHEMBL37744,Zimeldine,CN(C)C\C=C(\c1ccc(Br)cc1)/c2cccnc2,317.22999999999996,3.8374000000000024,False
CHEMBL832,Sulfinpyrazone,[O-][S+](CCC1C(=O)N(N(C1=O)c2ccccc2)c3ccccc3)c4ccccc4,404.4910000000001,3.7955000000000023,False
CHEMBL1201340,Diphemanil Methylsulfate,C[N+]1(C)CCC(=C(c2ccccc2)c3ccccc3)CC1,278.4190000000001,4.358700000000004,False
CHEMBL95,Tacrine,Nc1c2CCCCc2nc3ccccc13,198.26900000000003,2.695800000000001,False
CHEMBL1201191,Levocetirizine,OC(=O)COCCN1CCN(CC1)[C@H](c2ccccc2)c3ccc(Cl)cc3,388.8950000000001,3.148200000000002,True
CHEMBL896,Hydroxyzine,OCCOCCN1CCN(CC1)C(c2ccccc2)c3ccc(Cl)cc3,374.91200000000003,3.055900000000001,False
CHEMBL3707363,Trimethyldiphenylpropylamine,CC(CC(c1ccccc1)c2ccccc2)N(C)C,253.389,4.158700000000003,False
CHEMBL1200908,Halobetasol Propionate,CCC(=O)O[C@@]1([C@@H](C)C[C@H]2[C@@H]3C[C@H](F)C4=CC(=O)C=C[C@]4(C)[C@@]3(F)[C@@H](O)C[C@]12C)C(=O)CCl,484.9670000000002,4.0511000000000035,False
CHEMBL1388,Monobenzone,Oc1ccc(OCc2ccccc2)cc1,200.23700000000002,2.9712000000000014,False
CHEMBL436,Tolrestat,COc1ccc2c(cccc2c1C(F)(F)F)C(=S)N(C)CC(=O)O,357.35300000000007,3.5591000000000035,True
CHEMBL799,Cilostazol,O=C1CCc2cc(OCCCCc3nnnn3C4CCCCC4)ccc2N1,369.4690000000002,3.4647000000000014,False
CHEMBL1201242,Indecainide,CC(C)NCCCC1(C(=O)N)c2ccccc2c3ccccc13,308.425,3.2166000000000015,False
CHEMBL607710,Chlorphenesin,NC(=O)OCC(O)COc1ccc(Cl)cc1,245.662,1.1750000000000003,False
CHEMBL567,Perphenazine,OCCN1CCN(CCCN2c3ccccc3Sc4ccc(Cl)cc24)CC1,403.9790000000002,3.942700000000003,False
CHEMBL2111135,Thiazinamium Chloride,CC(CN1c2ccccc2Sc3ccccc13)[N+](C)(C)C,299.463,4.384000000000004,False
CHEMBL981,Fenofibric acid,CC(C)(Oc1ccc(cc1)C(=O)c2ccc(Cl)cc2)C(=O)O,318.75600000000003,3.8130000000000033,True
CHEMBL530,Amdinocillin,CC1(C)S[C@@H]2[C@H](\N=C\N3CCCCCC3)C(=O)N2[C@H]1C(=O)O,325.4339999999999,1.4062000000000001,True
CHEMBL87992,Eslicarbazepine Acetate,CC(=O)O[C@H]1Cc2ccccc2N(C(=O)N)c3ccccc13,296.326,3.0637000000000008,False
CHEMBL592105,Methylrosaniline,CN(C)c1ccc(cc1)C(O)(c2ccc(cc2)N(C)C)c3ccc(cc3)N(C)C,389.5430000000001,4.168800000000003,False
CHEMBL278819,Minaprine,Cc1cc(nnc1NCCN2CCOCC2)c3ccccc3,298.39,2.1961199999999996,False
CHEMBL1237122,Carboprost,CCCCC[C@](C)(O)\C=C\[C@H]1[C@H](O)C[C@H](O)[C@@H]1C\C=C/CCCC(=O)O,368.5140000000002,3.4330000000000016,True
CHEMBL2028019,Cariprazine,CN(C)C(=O)N[C@@H]1CC[C@@H](CCN2CCN(CC2)c3cccc(Cl)c3Cl)CC1,427.4200000000001,4.335500000000003,False
CHEMBL429,Labetalol,CC(CCc1ccccc1)NCC(O)c2ccc(O)c(c2)C(=O)N,328.4120000000001,2.1353999999999997,False
CHEMBL108545,Methyl Salicylate,COC(=O)c1ccccc1O,152.14899999999997,1.1787999999999998,False
CHEMBL701,Baclofen,NCC(CC(=O)O)c1ccc(Cl)cc1,213.664,1.857,True
CHEMBL602,Cysteamine,NCCS,77.15199999999999,-0.12509999999999988,False
CHEMBL1729,Cisapride,COC1CN(CCCOc2ccc(F)cc2)CCC1NC(=O)c3cc(Cl)c(N)cc3OC,465.95300000000015,3.358100000000001,False
CHEMBL773,Aminoacetic Acid,NCC(=O)O,75.067,-0.9702999999999999,True
CHEMBL70418,Clobazam,CN1C(=O)CC(=O)N(c2ccccc2)c3cc(Cl)ccc13,300.74500000000006,3.3712000000000018,False
CHEMBL107,Colchicine,COC1=CC=C2C(=CC1=O)[C@H](CCc3cc(OC)c(OC)c(OC)c23)NC(=O)C,399.44300000000015,2.871600000000001,False
CHEMBL473417,Vismodegib,CS(=O)(=O)c1ccc(C(=O)Nc2ccc(Cl)c(c2)c3ccccn3)c(Cl)c1,421.30500000000006,4.7112000000000025,False
CHEMBL1496,Rosuvastatin,CC(C)c1nc(nc(c2ccc(F)cc2)c1\C=C\[C@@H](O)C[C@@H](O)CC(=O)O)N(C)S(=O)(=O)C,481.5460000000003,2.401700000000001,True
CHEMBL1908919,Florbetapir F 18,CNc1ccc(\C=C\c2ccc(OCCOCCOCCF)nc2)cc1,360.42900000000003,3.675200000000003,False
CHEMBL753,Phenoxybenzamine,CC(COc1ccccc1)N(CCCl)Cc2ccccc2,303.83299999999997,4.194900000000003,False
CHEMBL1201208,Phenmetrazine,CC1NCCOC1c2ccccc2,177.247,1.736,False
CHEMBL1515,Methimazole,CN1C=CNC1=S,114.173,1.08269,False
CHEMBL471,Sotalol,CC(C)NCC(O)c1ccc(NS(=O)(=O)C)cc1,272.37,1.0895,False
CHEMBL386630,Testosterone,C[C@]12CC[C@H]3[C@@H](CCC4=CC(=O)CC[C@]34C)[C@@H]1CC[C@@H]2O,288.431,3.879200000000003,False
CHEMBL44884,Ethambutol,CC[C@@H](CO)NCCN[C@@H](CC)CO,204.314,-0.292599999999999,False
CHEMBL1583,Bacampicillin,CCOC(=O)OC(C)OC(=O)[C@@H]1N2[C@H](SC1(C)C)[C@H](NC(=O)[C@H](N)c3ccccc3)C2=O,465.5280000000002,1.2958000000000005,False
CHEMBL1289,Haloprogin,Clc1cc(Cl)c(OCC#CI)cc1Cl,361.39300000000003,4.421500000000001,False
CHEMBL1200356,Ciclacillin,CC1(C)S[C@@H]2[C@H](NC(=O)C3(N)CCCCC3)C(=O)N2[C@H]1C(=O)O,341.433,0.2797000000000011,True
CHEMBL254316,Raltegravir,CN1C(=O)C(=C(N=C1C(C)(C)NC(=O)c2oc(C)nn2)C(=O)NCc3ccc(F)cc3)O,444.4230000000001,0.9115200000000001,False
CHEMBL1788388,Dibutylsuccinate,CCCCOC(=O)CCC(=O)OCCCC,230.30399999999992,2.4532000000000007,False
CHEMBL453,Sulfafurazole,Cc1noc(NS(=O)(=O)c2ccc(N)cc2)c1C,267.31,1.67444,False
CHEMBL1421,Dasatinib,Cc1nc(Nc2ncc(s2)C(=O)Nc3c(C)cccc3Cl)cc(n1)N4CCN(CCO)CC4,488.01700000000034,3.3135400000000015,False
CHEMBL1200861,Tartaric Acid,O[C@@H]([C@H](O)C(=O)O)C(=O)O,150.08599999999998,-2.1226,True
CHEMBL893,Dicloxacillin,Cc1onc(c1C(=O)N[C@H]2[C@H]3SC(C)(C)[C@@H](N3C2=O)C(=O)O)c4c(Cl)cccc4Cl,470.3340000000002,3.2021200000000016,True
CHEMBL488,Aminoglutethimide,CCC1(CCC(=O)NC1=O)c2ccc(N)cc2,232.283,1.3531999999999997,False
CHEMBL3301800,Cefprozil,CC=CC1=C(N2[C@H](SC1)[C@H](NC(=O)[C@H](N)c3ccc(O)cc3)C2=O)C(=O)O,389.4330000000001,0.7066999999999994,True
CHEMBL3707301,Idanpramine,COc1ccc(cc1)C2(NC(=O)N(CCN3CCCCC3)C2=O)c4ccc(OC)cc4,423.5130000000002,2.985100000000002,False
CHEMBL1525826,Sulfalene,COc1nccnc1NS(=O)(=O)c2ccc(N)cc2,280.30899999999997,0.8681999999999999,False
CHEMBL141,Lamivudine,NC1=NC(=O)N(C=C1)[C@@H]2CS[C@H](CO)O2,229.26099999999997,-0.5941000000000005,False
CHEMBL3545985,Benzfetamine,C[C@@H](Cc1ccccc1)N(C)Cc2ccccc2,239.36199999999997,3.7496000000000027,False
CHEMBL673,Pargyline,CN(CC#C)Cc1ccccc1,159.232,1.7516,False
CHEMBL528,Ceftizoxime,CO\N=C(/C(=O)N[C@H]1[C@H]2SCC=C(N2C1=O)C(=O)O)\c3csc(N)n3,383.41100000000006,-0.5557999999999992,True
CHEMBL1237,Lisinopril,NCCCC[C@H](N[C@@H](CCc1ccccc1)C(=O)O)C(=O)N2CCC[C@H]2C(=O)O,405.49500000000023,1.2352000000000007,True
CHEMBL1874750,Cinepazide,COc1cc(\C=C\C(=O)N2CCN(CC(=O)N3CCCC3)CC2)cc(OC)c1OC,417.50600000000026,1.4922000000000002,False
CHEMBL218490,Dorzolamide,CCN[C@H]1C[C@H](C)S(=O)(=O)c2sc(cc12)S(=O)(=O)N,324.44900000000007,0.612,False
CHEMBL459048,Sobrerol,CC1=CC[C@@H](C[C@@H]1O)C(C)(C)O,170.25199999999998,1.4745,False
CHEMBL11978,Nicotinyl Methylamide,CNC(=O)c1cccnc1,136.154,0.4412,False
CHEMBL315818,Phenibut,NCC(CC(=O)O)c1ccccc1,179.219,1.2035999999999998,True
CHEMBL19,Methazolamide,CN1N=C(S/C/1=N/C(=O)C)S(=O)(=O)N,236.278,-1.4237999999999986,False
CHEMBL1256786,Formoterol,COc1ccc(CC(C)NCC(O)c2ccc(O)c(NC=O)c2)cc1,344.41100000000006,2.2233,False
CHEMBL1393,Spironolactone,CC(=O)S[C@@H]1CC2=CC(=O)CC[C@]2(C)[C@H]3CC[C@@]4(C)[C@@H](CC[C@@]45CCC(=O)O5)[C@H]13,416.58300000000025,4.852300000000005,False
CHEMBL429910,Dapagliflozin,CCOc1ccc(Cc2cc(ccc2Cl)[C@@H]3O[C@H](CO)[C@@H](O)[C@H](O)[C@H]3O)cc1,408.8780000000001,1.8443999999999987,False
CHEMBL1187833,Umeclidinium,OC(c1ccccc1)(c2ccccc2)C34CC[N+](CCOCc5ccccc5)(CC3)CC4,428.5960000000003,5.140000000000005,False
CHEMBL578,Enalapril,CCOC(=O)[C@H](CCc1ccccc1)N[C@@H](C)C(=O)N2CCC[C@H]2C(=O)O,376.45300000000026,1.6046,True
CHEMBL1488,Uracil mustard,ClCCN(CCCl)C1=CNC(=O)NC1=O,252.10100000000003,0.34720000000000006,False
CHEMBL1002,Levosalbutamol,CC(C)(C)NC[C@H](O)c1ccc(O)c(CO)c1,239.315,1.3059999999999998,False
CHEMBL715,Olanzapine,CN1CCN(CC1)C2=Nc3ccccc3Nc4sc(C)cc24,312.4420000000001,3.4392200000000015,False
CHEMBL122,Rofecoxib,CS(=O)(=O)c1ccc(cc1)C2=C(C(=O)OC2)c3ccccc3,314.36199999999997,2.5577000000000005,False
CHEMBL1059,Pregabalin,CC(C)C[C@H](CN)CC(=O)O,159.229,1.0821,True
CHEMBL1200342,Paramethasone,C[C@@H]1C[C@H]2[C@@H]3C[C@H](F)C4=CC(=O)C=C[C@]4(C)[C@H]3[C@@H](O)C[C@]2(C)[C@@]1(O)C(=O)COC(=O)C,434.5040000000003,2.3224,False
CHEMBL418995,Amineptine,OC(=O)CCCCCCNC1c2ccccc2CCc3ccccc13,337.46300000000014,4.499300000000004,True
CHEMBL1764,Levomepromazine,COc1ccc2Sc3ccccc3N(C[C@H](C)CN(C)C)c2c1,328.4810000000001,4.495600000000004,False
CHEMBL422,Trifluoperazine,CN1CCN(CCCN2c3ccccc3Sc4ccc(cc24)C(F)(F)F)CC1,407.50500000000017,4.945600000000004,False
CHEMBL1180725,Propantheline bromide,CC(C)[N+](C)(CCOC(=O)C1c2ccccc2Oc3ccccc13)C(C)C,368.4970000000001,4.730800000000005,False
CHEMBL558,Mexiletine,CC(N)COc1c(C)cccc1C,179.26299999999998,2.02944,False
CHEMBL1863513,Ingenol Mebutate,C\C=C(\C)/C(=O)O[C@H]1C(=C[C@@]23[C@H](C)C[C@@H]4[C@H]([C@H](C=C(CO)[C@@H](O)[C@]12O)C3=O)C4(C)C)C,430.5410000000002,2.3323,False
CHEMBL1909288,Triacetyldiphenolisatin,CC(=O)Oc1ccc(cc1)C2(C(=O)N(C(=O)C)c3ccccc23)c4ccc(OC(=O)C)cc4,443.45500000000015,3.764700000000003,False
CHEMBL1094966,Pirbuterol,CC(C)(C)NCC(O)c1ccc(O)c(CO)n1,240.303,0.7009999999999998,False
CHEMBL916,Tirofiban,CCCCS(=O)(=O)N[C@@H](Cc1ccc(OCCCCC2CCNCC2)cc1)C(=O)O,440.6060000000003,2.9505,True
CHEMBL511,Mepyramine,COc1ccc(CN(CCN(C)C)c2ccccn2)cc1,285.391,2.658400000000001,False
CHEMBL978,Methacholine Chloride,CC(C[N+](C)(C)C)OC(=O)C,160.23699999999997,0.6442000000000001,False
CHEMBL101,Phenylbutazone,CCCCC1C(=O)N(N(C1=O)c2ccccc2)c3ccccc3,308.38100000000003,3.7878000000000025,False
CHEMBL1201274,Levobetaxolol,CC(C)NC[C@H](O)COc1ccc(CCOCC2CC2)cc1,307.434,2.3933999999999997,False
CHEMBL2107333,Dimethyl Fumarate,COC(=O)\C=C\C(=O)OC,144.12599999999998,-0.11140000000000017,False
CHEMBL1200963,Bimatoprost,CCNC(=O)CCC\C=C/C[C@H]1[C@@H](O)C[C@@H](O)[C@@H]1\C=C\[C@@H](O)CCc2ccccc2,415.5740000000001,3.1469000000000014,False
CHEMBL1663,Perflutren,FC(F)(F)C(F)(F)C(F)(F)F,188.017,2.7462999999999997,False
CHEMBL18,Ethoxzolamide,CCOc1ccc2nc(sc2c1)S(=O)(=O)N,258.324,1.3424000000000003,False
CHEMBL3184437,Dichlorobenzyl Alcohol,OCc1ccc(Cl)cc1Cl,177.03,2.4857000000000005,False
CHEMBL153192,Bromosalicychloranilidine,Oc1ccc(Br)cc1C(=O)Nc2ccc(Cl)cc2,326.577,4.0604000000000005,False
CHEMBL267894,Amobarbital,CCC1(CCC(C)C)C(=O)NC(=NC1=O)O,226.27599999999998,1.3893999999999997,False
CHEMBL268164,Cyclobarbital,CCC1(C(=O)NC(=O)NC1=O)C2=CCCCC2,236.27099999999993,1.2491999999999999,False
CHEMBL2103877,Efinaconazole,C[C@@H](N1CCC(=C)CC1)[C@](O)(Cn2cncn2)c3ccc(F)cc3F,348.39700000000005,2.4846000000000004,False
CHEMBL1075,Moracizine,CCOC(=O)Nc1ccc2Sc3ccccc3N(C(=O)CCN4CCOCC4)c2c1,427.52600000000035,4.106600000000003,False
CHEMBL1025,Dyflos,CC(C)OP(=O)(F)OC(C)C,184.147,2.9140000000000015,False
CHEMBL491571,Doripenem,C[C@@H](O)[C@@H]1[C@H]2[C@@H](C)C(=C(N2C1=O)C(=O)O)S[C@@H]3CN[C@H](CNS(=O)(=O)N)C3,420.51300000000015,-1.6030999999999955,True
CHEMBL809,Sertraline,CN[C@H]1CC[C@@H](c2ccc(Cl)c(Cl)c2)c3ccccc13,306.236,5.179600000000004,False
CHEMBL2110569,Ioflupane,COC(=O)[C@@H]1C2CCC(C[C@@H]1c3ccc(I)cc3)N2CCCF,431.2890000000001,3.7603000000000026,False
CHEMBL45,Melatonin,COc1ccc2[nH]cc(CCNC(=O)C)c2c1,232.28299999999996,1.8551,False
CHEMBL1605,Ceftibuten,Nc1nc(cs1)\C(=C\CC(=O)O)\C(=O)N[C@H]2[C@H]3SCC=C(N3C2=O)C(=O)O,410.43300000000016,-0.048199999999999854,True
CHEMBL1200374,Exemestane,C[C@]12CC[C@H]3[C@@H](CC(=C)C4=CC(=O)C=C[C@]34C)[C@@H]1CCC2=O,296.4100000000001,4.029500000000003,False
CHEMBL71,Chlorpromazine,CN(C)CCCN1c2ccccc2Sc3ccc(Cl)cc13,318.8730000000001,4.894400000000004,False
CHEMBL833,Ticlopidine,Clc1ccccc1CN2CCc3sccc3C2,263.793,3.959800000000002,False
CHEMBL4,Ofloxacin,CC1COc2c(N3CCN(C)CC3)c(F)cc4C(=O)C(=CN1c24)C(=O)O,361.37300000000005,1.544,True
CHEMBL1201168,Isocarboxazid,Cc1onc(c1)C(=O)NNCc2ccccc2,231.255,1.41762,False
CHEMBL1087,Mepivacaine,CN1CCCCC1C(=O)Nc2c(C)cccc2C,246.35399999999998,2.7262400000000007,False
CHEMBL1201293,Acamprosate,CC(=O)NCCCS(=O)(=O)O,181.213,-0.5995999999999997,False
CHEMBL677,Corbadrine,C[C@H](N)[C@H](O)c1ccc(O)c(O)c1,183.207,0.4784,False
CHEMBL1697686,Cloforex,CCOC(=O)NC(C)(C)Cc1ccc(Cl)cc1,255.74499999999998,3.4072000000000022,False
CHEMBL494,Iloprost,CC#CCC(C)[C@H](O)\C=C\[C@H]1[C@H](O)C[C@@H]2C\C(=C/CCCC(=O)O)\C[C@H]12,360.4940000000002,3.5413000000000023,True
CHEMBL1200910,Acetylsulfisoxazole,CC(=O)N(c1onc(C)c1C)S(=O)(=O)c2ccc(N)cc2,309.34700000000004,1.6154400000000002,False
CHEMBL1201173,Medrysone,C[C@H]1C[C@H]2[C@@H]3CC[C@H](C(=O)C)[C@@]3(C)C[C@H](O)[C@@H]2[C@@]4(C)CCC(=O)C=C14,344.4950000000002,3.9403000000000032,False
CHEMBL1201245,Bromazine,CN(C)CCOC(c1ccccc1)c2ccc(Br)cc2,334.257,4.116700000000003,False
CHEMBL652,Flecainide,FC(F)(F)COc1ccc(OCC(F)(F)F)c(c1)C(=O)NCC2CCCCN2,414.34600000000023,3.4407000000000014,False
CHEMBL1201234,Mephentermine,CNC(C)(C)Cc1ccccc1,163.264,2.2271,False
CHEMBL577,Enalaprilat,C[C@H](N[C@@H](CCc1ccccc1)C(=O)O)C(=O)N2CCC[C@H]2C(=O)O,348.39900000000017,1.1261000000000003,True
CHEMBL1289601,Lenvatinib,COc1cc2nccc(Oc3ccc(NC(=O)NC4CC4)c(Cl)c3)c2cc1C(=O)N,426.8600000000003,4.071900000000002,False
CHEMBL2104489,Anagestone,C[C@H]1C[C@@H]2[C@H](CC[C@@]3(C)C2CC[C@]3(OC(=O)C)C(=O)C)[C@@]4(C)CCCC=C14,372.5490000000002,5.476200000000006,False
CHEMBL1425,Mercaptopurine,Sc1ncnc2nc[nH]c12,152.182,0.6416,False
CHEMBL1152,Prednisolone acetate,CC(=O)OCC(=O)[C@@]1(O)CC[C@H]2[C@@H]3CCC4=CC(=O)C=C[C@]4(C)[C@H]3[C@@H](O)C[C@]12C,402.48700000000014,2.1284,False
CHEMBL384467,Dexamethasone,C[C@@H]1C[C@H]2[C@@H]3CCC4=CC(=O)C=C[C@]4(C)[C@@]3(F)[C@@H](O)C[C@]2(C)[C@@]1(O)C(=O)CO,392.4670000000002,1.8957000000000002,False
CHEMBL15870,Indoprofen,CC(C(=O)O)c1ccc(cc1)N2Cc3ccccc3C2=O,281.31100000000004,3.0351000000000017,True
CHEMBL1370,Budesonide,CCCC1O[C@@H]2C[C@H]3[C@@H]4CCC5=CC(=O)C=C[C@]5(C)[C@H]4[C@@H](O)C[C@]3(C)[C@@]2(O1)C(=O)CO,430.5410000000002,2.7168000000000014,False
CHEMBL1200959,Methdilazine,CN1CCC(CN2c3ccccc3Sc4ccccc24)C1,296.4390000000001,4.241000000000003,False
CHEMBL811,Brompheniramine,CN(C)CCC(c1ccc(Br)cc1)c2ccccn2,319.246,3.9277000000000024,False
CHEMBL1220,Tinidazole,CCS(=O)(=O)CCn1c(C)ncc1[N+](=O)[O-],247.27599999999998,0.5344199999999997,False
CHEMBL23838,Paraoxon,CCOP(=O)(OCC)Oc1ccc(cc1)[N+](=O)[O-],275.19700000000006,3.154700000000002,False
CHEMBL1113,Amoxapine,Clc1ccc2Oc3ccccc3N=C(N4CCNCC4)c2c1,313.78800000000007,3.4292000000000025,False
CHEMBL813,Eprosartan,CCCCc1ncc(\C=C(/Cc2cccs2)\C(=O)O)n1Cc3ccc(cc3)C(=O)O,424.52200000000016,4.744400000000003,True
CHEMBL1650,Cortisone,CC(=O)OCC(=O)[C@@]1(O)CC[C@H]2[C@@H]3CCC4=CC(=O)CC[C@]4(C)[C@H]3C(=O)C[C@]12C,402.48700000000025,2.560600000000001,False
CHEMBL1521,Zaleplon,CCN(C(=O)C)c1cccc(c1)c2ccnc3c(cnn23)C#N,305.341,2.6407800000000003,False
CHEMBL1445,Fluoxymesterone,C[C@]1(O)CC[C@H]2[C@@H]3CCC4=CC(=O)CC[C@]4(C)[C@@]3(F)[C@@H](O)C[C@]12C,336.44700000000006,3.332200000000002,False
CHEMBL563,Flurbiprofen,CC(C(=O)O)c1ccc(c(F)c1)c2ccccc2,244.265,3.6808000000000023,True
CHEMBL1082407,Enzalutamide,CNC(=O)c1ccc(cc1F)N2C(=S)N(C(=O)C2(C)C)c3ccc(C#N)c(c3)C(F)(F)F,464.44400000000013,3.992480000000003,False
CHEMBL980,Guaifenesin,COc1ccccc1OCC(O)CO,198.21799999999996,0.4272000000000001,False
CHEMBL1480,Felodipine,CCOC(=O)C1=C(C)NC(=C(C1c2cccc(Cl)c2Cl)C(=O)OC)C,384.2590000000002,3.9643000000000033,False
CHEMBL696,Ethosuximide,CCC1(C)CC(=O)NC1=O,141.17,0.4491999999999999,False
CHEMBL596,Fentanyl,CCC(=O)N(C1CCN(CCc2ccccc2)CC1)c3ccccc3,336.47900000000004,4.136700000000004,False
CHEMBL437,Sulfathiazole,Nc1ccc(cc1)S(=O)(=O)Nc2nccs2,255.324,1.5261,False
CHEMBL989,Fluocinolone,CC1(C)O[C@@H]2C[C@H]3[C@@H]4C[C@H](F)C5=CC(=O)C=C[C@]5(C)[C@@]4(F)[C@@H](O)C[C@]3(C)[C@@]2(O1)C(=O)CO,452.49400000000026,2.366800000000001,False
CHEMBL1089221,Bendazac,OC(=O)COc1nn(Cc2ccccc2)c3ccccc13,282.29900000000004,2.548,True
CHEMBL1200979,Dexpanthenol,CC(C)(CO)[C@@H](O)C(=O)NCCCO,205.25399999999996,-1.1355999999999997,False
CHEMBL1103,Furazolidone,[O-][N+](=O)c1oc(\C=N\N2CCOC2=O)cc1,225.15999999999997,0.9738999999999999,False
CHEMBL1297,Fenoprofen,CC(C(=O)O)c1cccc(Oc2ccccc2)c1,242.274,3.6670000000000016,True
CHEMBL1481,Glimepiride,CCC1=C(C)CN(C(=O)NCCc2ccc(cc2)S(=O)(=O)NC(=O)N[C@@H]3CC[C@@H](C)CC3)C1=O,490.6260000000003,3.0740000000000016,False
CHEMBL788,Idoxuridine,OC[C@H]1O[C@H](C[C@@H]1O)N2C=C(I)C(=O)NC2=O,354.1,-1.2181,False
CHEMBL1161681,Sodium nitrite,ON=O,47.013000000000005,0.14200000000000002,False
CHEMBL709,Alfuzosin,COc1cc2nc(nc(N)c2cc1OC)N(C)CCCNC(=O)C3CCCO3,389.45600000000024,1.3507,False
CHEMBL1179047,Chloroprocaine,CCN(CC)CCOC(=O)c1ccc(N)cc1Cl,270.76,2.4208,False
CHEMBL1201251,Arbutamine,O[C@@H](CNCCCCc1ccc(O)cc1)c2ccc(O)c(O)c2,317.3850000000001,2.449300000000001,False
CHEMBL620,Clidinium Bromide,C[N+]12CCC(CC1)C(C2)OC(=O)C(O)(c3ccccc3)c4ccccc4,352.45400000000006,2.7045000000000003,False
CHEMBL477772,Pazopanib,CN(c1ccc2c(C)n(C)nc2c1)c3ccnc(Nc4ccc(C)c(c4)S(=O)(=O)N)n3,437.5290000000002,3.1390400000000005,False
CHEMBL2103827,Droxidopa,N[C@@H]([C@H](O)c1ccc(O)c(O)c1)C(=O)O,213.189,-0.45690000000000014,True
CHEMBL1364,Pyridoxine,Cc1ncc(CO)c(CO)c1O,169.18,0.08021999999999985,False
CHEMBL1464,Warfarin,CC(=O)CC(C1=C(O)c2ccccc2OC1=O)c3ccccc3,308.33299999999997,3.609600000000002,False
CHEMBL19490,Zomepirac,Cc1cc(CC(=O)O)n(C)c1C(=O)c2ccc(Cl)cc2,291.73400000000004,2.8450200000000017,True
CHEMBL573,Niacin,OC(=O)c1cccnc1,123.11099999999998,0.7797999999999999,True
CHEMBL831,Loxapine,CN1CCN(CC1)C2=Nc3ccccc3Oc4ccc(Cl)cc24,327.8150000000001,3.7714000000000025,False
CHEMBL888,Gemcitabine,NC1=NC(=O)N(C=C1)[C@@H]2O[C@H](CO)[C@@H](O)C2(F)F,263.2,-1.2886000000000004,False
CHEMBL770,Tolazoline,C(C1=NCCN1)c2ccccc2,160.22,1.2308000000000001,False
CHEMBL398707,Hydromorphone,CN1CC[C@@]23[C@H]4CCC(=O)[C@@H]2Oc5c(O)ccc(C[C@@H]14)c35,285.3430000000001,1.6302999999999999,False
CHEMBL588,Fenoldopam,Oc1ccc(cc1)C2CNCCc3c(Cl)c(O)c(O)cc23,305.761,2.734400000000001,False
CHEMBL190,Theophylline,CN1C(=O)N(C)c2nc[nH]c2C1=O,180.16699999999997,-1.039700000000001,False
CHEMBL1587,Polythiazide,CN1C(CSCC(F)(F)F)Nc2cc(Cl)c(cc2S1(=O)=O)S(=O)(=O)N,439.8900000000002,1.655,False
CHEMBL1497,Betamethasone valerate,CCCCC(=O)O[C@@]1([C@@H](C)C[C@H]2[C@@H]3CCC4=CC(=O)C=C[C@]4(C)[C@@]3(F)[C@@H](O)C[C@]12C)C(=O)CO,476.5850000000002,3.636800000000003,False
CHEMBL1760,Terbutaline,CC(C)(C)NCC(O)c1cc(O)cc(O)c1,225.288,1.5192999999999997,False
CHEMBL451,Chlordiazepoxide,CNC1=Nc2ccc(Cl)cc2C(=[N+]([O-])C1)c3ccccc3,299.76099999999997,2.950700000000001,False
CHEMBL900,Orphenadrine,CN(C)CCOC(c1ccccc1)c2ccccc2C,269.38800000000003,3.662620000000003,False
CHEMBL1213351,Dextropropoxyphene,CCC(=O)O[C@@](Cc1ccccc1)([C@H](C)CN(C)C)c2ccccc2,339.47900000000004,4.275500000000004,False
CHEMBL685,Mebendazole,COC(=O)Nc1nc2ccc(cc2[nH]1)C(=O)c3ccccc3,295.298,2.972200000000001,False
CHEMBL294199,Capsaicin,COc1cc(CNC(=O)CCCC\C=C\C(C)C)ccc1O,305.418,3.789600000000003,False
CHEMBL363295,Terodiline,CC(CC(c1ccccc1)c2ccccc2)NC(C)(C)C,281.44300000000004,4.985200000000004,False
CHEMBL1888176,Trospium Chloride,OC(C(=O)O[C@H]1C[C@H]2CC[C@@H](C1)[N+]23CCCC3)(c4ccccc4)c5ccccc5,392.519,3.769700000000003,False
CHEMBL3707390,Mebicar,CN1C2C(N(C)C(=O)N2C)N(C)C1=O,198.226,-0.36700000000000044,False
CHEMBL128,Sumatriptan,CNS(=O)(=O)Cc1ccc2[nH]cc(CCN(C)C)c2c1,295.408,1.3211999999999997,False
CHEMBL1626,Clemastine,CN1CCC[C@@H]1CCO[C@](C)(c2ccccc2)c3ccc(Cl)cc3,343.898,5.104400000000005,False
CHEMBL713,Entecavir,NC1=Nc2c(ncn2[C@H]3C[C@H](O)[C@@H](CO)C3=C)C(=O)N1,277.28399999999993,-0.8277999999999999,False
CHEMBL30,Cimetidine,CN\C(=N/CCSCc1nc[nH]c1C)\NC#N,252.347,0.5974,False
CHEMBL1191,Sulfamethizole,Cc1nnc(NS(=O)(=O)c2ccc(N)cc2)s1,270.339,1.2295199999999997,False
CHEMBL1096,Amlexanox,CC(C)c1ccc2Oc3nc(N)c(cc3C(=O)c2c1)C(=O)O,298.298,2.745,True
CHEMBL79,Lidocaine,CCN(CC)CC(=O)Nc1c(C)cccc1C,234.343,2.5837400000000006,False
CHEMBL284348,Dalfampridine,Nc1ccncc1,94.11699999999999,0.6638000000000001,False
CHEMBL1201148,Meprednisone,C[C@H]1C[C@H]2[C@@H]3CCC4=CC(=O)C=C[C@]4(C)[C@H]3C(=O)C[C@]2(C)[C@@]1(O)C(=O)CO,372.4610000000002,2.0118000000000005,False
CHEMBL1256841,Nialamide,O=C(CCNNC(=O)c1ccncc1)NCc2ccccc2,298.346,1.0224999999999989,False
CHEMBL1200,Oxybuprocaine,CCCCOc1cc(ccc1N)C(=O)OCCN(CC)CC,308.4220000000001,2.9463000000000017,False
CHEMBL1963681,Avanafil,COc1ccc(CNc2nc(ncc2C(=O)NCc3ncccn3)N4CCC[C@H]4CO)cc1Cl,483.96000000000026,2.4318,False
CHEMBL1436,Cefuroxime,CO\N=C(/C(=O)N[C@H]1[C@H]2SCC(=C(N2C1=O)C(=O)O)COC(=O)N)\c3occc3,424.39100000000013,-0.5359999999999983,True
CHEMBL2107830,Empagliflozin,OC[C@H]1O[C@H]([C@H](O)[C@@H](O)[C@@H]1O)c2ccc(Cl)c(Cc3ccc(O[C@H]4CCOC4)cc3)c2,450.9150000000003,1.6133999999999997,False
CHEMBL2105458,Thenalidine,CN1CCC(CC1)N(Cc2cccs2)c3ccccc3,286.444,3.848900000000003,False
CHEMBL1237044,Tramadol,COc1cccc(c1)C2(O)CCCCC2CN(C)C,263.3809999999999,2.6346000000000007,False
CHEMBL3707265,Fluoroethylcholine,C[N+](C)(C)CCOCCF,150.21699999999998,0.6786999999999999,False
CHEMBL3707362,Dimethylaminopropionylphenothiazine,CC(N(C)C)C(=O)N1c2ccccc2Sc3ccccc13,298.41100000000006,3.7660000000000027,False
CHEMBL3707307,Fabomotizole,CCOc1ccc2nc(SCCN3CCOCC3)[nH]c2c1,307.419,2.3858999999999995,False
CHEMBL897,Probenecid,CCCN(CCC)S(=O)(=O)c1ccc(cc1)C(=O)O,285.365,2.1955,True
